Categoria;Modelo;Hostname;Patrimônio;Departamento;Responsável;Marca;Serial;Ramal;IP;Observação;CPU;Disco;RAM;ISO;Status;Chave de auditoria;VERIFICAÇÃO;Departamento
Desktop Antigo;Optiplex 7020;FFF2GN2;;Depósito RH;T.I;Dell;;;;Status: inativo;Intel i7 7ª;NVMe 256 GB;8 GB;w10;OK;#REF!;2026-09-01 00:00:00;
Desktop Antigo;Optiplex 7020;FFLTDN2;;Depósito RH;T.I;Dell;;;;Status: Bom;Intel i7 7ª;NVMe 256 GB;8 GB;w10;OK;#REF!;2026-09-01 00:00:00;
Desktop Antigo;Optiplex 7020;FFNZDN2;;Depósito RH;T.I;Dell;;;;Status : OK;Intel i7 7ª;NVMe 256 GB;8 GB;w10;OK;#REF!;2026-09-01 00:00:00;
Desktop Antigo;Optiplex 7020;FFQYDN2;;Depósito RH;T.I;Dell;;;;Status : OK;Intel i7 7ª;NVMe 256 GB;8 GB;w10;OK;#REF!;2026-09-01 00:00:00;
Desktop Antigo;Optiplex 7020;FFVZDN2;;Depósito RH;T.I;Dell;;;;Status : OK;Intel i7 7ª;NVMe 256 GB;8 GB;w10;OK;#REF!;2026-09-01 00:00:00;
Desktop Antigo;Optiplex 7020;FFXYDN2;;Depósito RH;T.I;Dell;;;;Status : OK;Intel i7 7ª;NVMe 256 GB;8 GB;w10;OK;#REF!;2026-09-01 00:00:00;
Desktop Antigo;Optiplex 7020;FFZYDN2;;Sala VIP;Sala VIP;Dell;;;;Status : OK;Intel i7 7ª;NVMe 256 GB;8 GB;w10;OK;#REF!;2026-09-01 00:00:00;
Desktop Antigo;Optiplex 7020;FG30FN2;;Depósito RH;T.I;Dell;;;;Status : OK;Intel i7 7ª;NVMe 256 GB;8 GB;w10;OK;#REF!;2026-09-01 00:00:00;
Desktop Antigo;Optiplex 7020;FG5ZDN2;;Depósito RH;T.I;Dell;;;;Status : OK;Intel i7 7ª;NVMe 256 GB;8 GB;w10;OK;#REF!;2026-09-01 00:00:00;
Desktop Antigo;Optiplex 7020;FG7YDN2;;Depósito RH;T.I;Dell;;;;Status : OK;Intel i7 7ª;SSD SATA 256 GB;8 GB;w10;OK;#REF!;2026-09-01 00:00:00;
Desktop Antigo;Optiplex 7020;FGDTDN2;;Depósito RH;T.I;Dell;;;;Status : OK;Intel i7 7ª;NVMe 256 GB;8 GB;w10;OK;#REF!;2026-09-01 00:00:00;
Desktop Antigo;7050;FGGYDN2;;Depósito RH;T.I;Dell;;;;Status : OK;;;;;OK;#REF!;2026-09-01 00:00:00;
Desktop Antigo;Optiplex 7020;FGJ1FN2;;Depósito RH;T.I;Dell;;;;Status : OK;Intel i7 7ª;NVMe 256 GB;8 GB;w10;OK;#REF!;2026-09-01 00:00:00;
Desktop Antigo;Optiplex 7020;FGK2FN2;;Depósito RH;T.I;Dell;;;;Status : OK;Intel i7 7ª;NVMe 256 GB;8 GB;w10;OK;#REF!;2026-09-01 00:00:00;
Desktop Antigo;Optiplex 7020;FGLZDN2;;Depósito RH;T.I;Dell;;;;Status : OK;Intel i7 7ª;NVMe 256 GB;8 GB;w10;OK;#REF!;2026-09-01 00:00:00;
Desktop Antigo;Optiplex 7020;FGNTDN2;;Depósito RH;T.I;Dell;;;;Status : INATIVO;Intel i7 7ª;NVMe 256 GB;8 GB;w10;OK;#REF!;2026-09-01 00:00:00;
Desktop Antigo;Optiplex 7020;FGQ2FN2;;Depósito RH;T.I;Dell;;;;Status : OK;Intel i7 7ª;NVMe 256 GB;8 GB;w10;OK;#REF!;2026-09-01 00:00:00;
Desktop Antigo;Optiplex 7020;FGRZDN2;;Depósito RH;T.I;Dell;;;;Status : OK;Intel i7 7ª;NVMe 256 GB;8 GB;w10;OK;#REF!;2026-09-01 00:00:00;
Desktop Antigo;Optiplex 7020;FGT1FN2;;Depósito RH;T.I;Dell;;;;Status : OK;Intel i7 7ª;NVMe 256 GB;8 GB;w10;OK;#REF!;2026-09-01 00:00:00;
Desktop Antigo;Optiplex 7020;FGV2FN2;;Depósito RH;T.I;Dell;;;;Status : OK;Intel i7 7ª;NVMe 256 GB;8 GB;w10;OK;#REF!;2026-09-01 00:00:00;
Desktop Antigo;Optiplex 7020;FGX0FN2;;Depósito RH;T.I;Dell;;;;Status : OK;Intel i7 7ª;NVMe 256 GB;8 GB;w10;OK;#REF!;2026-09-01 00:00:00;
Desktop Antigo;Optiplex 7020;FGZ0FN2;;Depósito RH;T.I;Dell;;;;Status : OK;Intel i7 7ª;NVMe 256 GB;8 GB;w10;OK;#REF!;2026-09-01 00:00:00;
Desktop Antigo;Optiplex 7020;FH3ZDN2;;Depósito RH;T.I;Dell;;;;Status : OK;Intel i7 7ª;NVMe 256 GB;8 GB;w10;OK;#REF!;2026-09-01 00:00:00;
Desktop Antigo;Optiplex 7020;FH90FN2;;Depósito RH;T.I;Dell;;;;Status : OK;;;;;OK;#REF!;2026-09-01 00:00:00;
Desktop Antigo;Optiplex 7020;FHC0FN2;;Depósito RH;T.I;Dell;;;;Status : OK;Intel i7 7ª;SSD SATA 256 GB;8 GB;w10;OK;#REF!;2026-09-01 00:00:00;
Desktop Antigo;Optiplex 7020;FHD0FN2;;Depósito RH;T.I;Dell;;;;Status : OK;Intel i7 7ª;NVMe 256 GB;8 GB;w10;OK;#REF!;2026-09-01 00:00:00;
Desktop Antigo;Optiplex 7020;FHDYFN2;;Depósito RH;T.I;Dell;;;;Status : OK;Intel i7 7ª;NVMe 256 GB;8 GB;w10;OK;#REF!;2026-09-01 00:00:00;
Desktop Antigo;Optiplex 7020;FHFZDN2;;Depósito RH;T.I;Dell;;;;Status : OK;Intel i7 7ª;NVMe 256 GB;8 GB;w10;OK;#REF!;2026-09-01 00:00:00;
Desktop Antigo;Optiplex 7020;FHH2FN2;;Depósito RH;T.I;Dell;;;;Status : OK;;;;;OK;#REF!;2026-09-01 00:00:00;
Desktop Antigo;Optiplex 7020;FHJTDN2;;Depósito RH;T.I;Dell;;;;Status : OK;Intel i7 7ª;SSD SATA 256 GB;8 GB;w10;OK;#REF!;2026-09-01 00:00:00;
Desktop Antigo;Optiplex 7020;FHKYDN2;;Depósito RH;T.I;Dell;;;;Status : OK;Intel i7 7ª;SSD SATA 256 GB;8 GB;w10;OK;#REF!;2026-09-01 00:00:00;
Desktop Antigo;Optiplex 7020;FHM0FN2;;Depósito RH;T.I;Dell;;;;Status : OK;Intel i7 7ª;NVMe 256 GB;8 GB;w10;OK;#REF!;2026-09-01 00:00:00;
Desktop Antigo;Optiplex 7020;FHNZDN2;;Depósito RH;T.I;Dell;;;;Status : OK;Intel i7 7ª;NVMe 256 GB;8 GB;w10;OK;#REF!;2026-09-01 00:00:00;
Desktop Antigo;Optiplex 7020;FHQTDN2;;Depósito RH;T.I;Dell;;;;Status : OK;Intel i7 7ª;NVMe 256 GB;8 GB;w10;OK;#REF!;2026-09-01 00:00:00;
Desktop Antigo;Optiplex 7020;FHSYDN2;;Depósito RH;T.I;Dell;;;;Status : OK;;;;;OK;#REF!;2026-09-01 00:00:00;
Desktop Antigo;Optiplex 7020;FHZYDN2;;Depósito RH;T.I;Dell;;;;Status : inativo;Intel i7 7ª;NVMe 256 GB;8 GB;w10;OK;#REF!;2026-09-01 00:00:00;
Desktop Antigo;Optiplex 7020;FKG0FN2;;Depósito RH;T.I;Dell;;;;Status : OK;Intel i7 7ª;NVMe 256 GB;8 GB;w10;OK;#REF!;2026-09-01 00:00:00;
Desktop Antigo;Optiplex 7020;FKHZDN2;;Depósito RH;T.I;Dell;;;;Status : OK;Intel i7 7ª;NVMe 256 GB;8 GB;w10;OK;#REF!;2026-09-01 00:00:00;
Desktop Antigo;Optiplex 7020;FKJ0FN2;;Depósito RH;T.I;Dell;;;;Status : OK;Intel i7 7ª;NVMe 256 GB;8 GB;w10;OK;#REF!;2026-09-01 00:00:00;
Desktop Antigo;Optiplex 7020;FKL2FN2;;Depósito RH;T.I;Dell;;;;Status : OK;Intel i7 7ª;NVMe 256 GB;8 GB;w10;OK;#REF!;2026-09-01 00:00:00;
Desktop Antigo;Optiplex 7020;FKLYDN2;;Depósito RH;T.I;Dell;;;;Status : OK;Intel i7 7ª;SSD SATA 256 GB;8 GB;w10;OK;#REF!;2026-09-01 00:00:00;
Desktop Antigo;Optiplex 7020;FKM2FN2;;Depósito RH;T.I;Dell;;;;Status : OK;Intel i7 7ª;SSD SATA 256 GB;8 GB;w10;OK;#REF!;2026-09-01 00:00:00;
Desktop Antigo;Optiplex 7020;FKN2FN2;;Depósito RH;T.I;Dell;;;;Status : OK;Intel i7 7ª;SSD SATA 256 GB;8 GB;w10;OK;#REF!;2026-09-01 00:00:00;
Desktop Antigo;Optiplex 7020;FKP1FN2;;Depósito RH;T.I;Dell;;;;Status : OK;Intel i7 7ª;NVMe 256 GB;8 GB;w10;OK;#REF!;2026-09-01 00:00:00;
Desktop Antigo;Optiplex 7020;FKQZDN2;;Depósito RH;T.I;Dell;;;;Status : OK;Intel i7 7ª;NVMe 256 GB;8 GB;w10;OK;#REF!;2026-09-01 00:00:00;
Desktop Antigo;Optiplex 7020;FKS2FN2;;Depósito RH;T.I;Dell;;;;Status : Inativo;Intel i7 7ª;NVMe 256 GB;8 GB;w10;OK;#REF!;2026-09-01 00:00:00;
Desktop Antigo;Optiplex 7020;FKVZDN2;;Depósito RH;T.I;Dell;;;;Status : OK;Intel i7 7ª;SSD SATA 256 GB;8 GB;w10;OK;#REF!;2026-09-01 00:00:00;
Desktop Antigo;Optiplex 7020;FKX0FN2;;Depósito RH;T.I;Dell;;;;Status : OK;Intel i7 7ª;NVMe 256 GB;8 GB;w10;OK;#REF!;2026-09-01 00:00:00;
Desktop Antigo;Optiplex 7020;FKXZDN2;;Depósito RH;T.I;Dell;;;;Status : OK;Intel i7 7ª;NVMe 256 GB;8 GB;w10;OK;#REF!;2026-09-01 00:00:00;
Desktop Antigo;Optiplex 7020;FKYZDN2;;Depósito RH;T.I;Dell;;;;Status : OK;Intel i7 7ª;NVMe 256 GB;8 GB;w10;OK;#REF!;2026-09-01 00:00:00;
Desktop Antigo;Optiplex 7020;FKZYDN2;;Depósito RH;T.I;Dell;;;;Status : OK;Intel i7 7ª;SSD SATA 256 GB;8 GB;w10;OK;#REF!;2026-09-01 00:00:00;
Desktop Antigo;Optiplex 7020;FL0VDN2;;Depósito RH;T.I;Dell;;;;Status : OK;Intel i7 7ª;NVMe 256 GB;8 GB;w10;OK;#REF!;2026-09-01 00:00:00;
Desktop Antigo;Optiplex 7020;FL31FN2;;Depósito RH;T.I;Dell;;;;Status : OK;Intel i7 7ª;NVMe 256 GB;8 GB;w10;OK;#REF!;2026-09-01 00:00:00;
Desktop Antigo;Optiplex 7020;FL41FN2;;Depósito RH;T.I;Dell;;;;Status : OK;Intel i7 7ª;NVMe 256 GB;8 GB;w10;OK;#REF!;2026-09-01 00:00:00;
Desktop Antigo;Optiplex 7020;FL4ZDN2;;Depósito RH;T.I;Dell;;;;Status : OK;Intel i7 7ª;NVMe 256 GB;8 GB;w10;OK;#REF!;2026-09-01 00:00:00;
Desktop Antigo;Optiplex 7020;FL5VDN2;;Depósito RH;T.I;Dell;;;;Status : OK;Intel i7 7ª;SSD SATA 256 GB;8 GB;w10;OK;#REF!;2026-09-01 00:00:00;
Desktop Antigo;Optiplex 7020;FL62FN2;;Depósito RH;T.I;Dell;;;;Status : OK;Intel i7 7ª;NVMe 256 GB;8 GB;w10;OK;#REF!;2026-09-01 00:00:00;
Desktop Antigo;Optiplex 7020;FL71FN2;;Depósito RH;T.I;Dell;;;;Status : OK;Intel i7 7ª;NVMe 256 GB;8 GB;w10;OK;#REF!;2026-09-01 00:00:00;
Desktop Antigo;Optiplex 7020;FL8QFN2;;Depósito RH;T.I;Dell;;;;Status : OK;Intel i7 7ª;NVMe 256 GB;8 GB;w10;OK;#REF!;2026-09-01 00:00:00;
Desktop Antigo;Optiplex 7020;FL8YDN2;;Depósito RH;T.I;Dell;;;;Status : OK;Intel i7 7ª;NVMe 256 GB;8 GB;w10;OK;#REF!;2026-09-01 00:00:00;
Desktop Antigo;Optiplex 7020;FL92DN2;;Depósito RH;T.I;Dell;;;;Status : OK;Intel i7 7ª;NVMe 256 GB;8 GB;w10;OK;#REF!;2026-09-01 00:00:00;
Desktop Antigo;Optiplex 7020;FLB0FN2;;Depósito RH;T.I;Dell;;;;Status : OK;Intel i7 7ª;NVMe 256 GB;8 GB;w10;OK;#REF!;2026-09-01 00:00:00;
Desktop Antigo;Optiplex 7020;FLC1FN2;;Depósito RH;T.I;Dell;;;;Status : OK;Intel i7 7ª;NVMe 256 GB;8 GB;w10;OK;#REF!;2026-09-01 00:00:00;
Desktop Antigo;Optiplex 7020;FLD0FN2;;Depósito RH;T.I;Dell;;;;Status : OK;Intel i7 7ª;NVMe 256 GB;8 GB;w10;OK;#REF!;2026-09-01 00:00:00;
Desktop Antigo;Optiplex 7020;FLDZDN2;;Depósito RH;T.I;Dell;;;;Status : OK;Intel i7 7ª;NVMe 256 GB;8 GB;w10;OK;#REF!;2026-09-01 00:00:00;
Desktop Antigo;Optiplex 7020;FLF2FN2;;Depósito RH;T.I;Dell;;;;Status : OK;Intel i7 7ª;NVMe 256 GB;8 GB;w10;OK;#REF!;2026-09-01 00:00:00;
Desktop Antigo;Optiplex 7020;FLG2FN2;;Depósito RH;T.I;Dell;;;;Status : OK;Intel i7 7ª;NVMe 256 GB;8 GB;w10;OK;#REF!;2026-09-01 00:00:00;
Desktop Antigo;Optiplex 7020;FLGYDN2;;Depósito RH;T.I;Dell;;;;Status : OK;Intel i7 7ª;NVMe 256 GB;8 GB;w10;OK;#REF!;2026-09-01 00:00:00;
Desktop Antigo;Optiplex 7020;FLH2FN2;;Depósito RH;T.I;Dell;;;;DESCARTE;Intel i7 7ª;NVMe 256 GB;8 GB;w10;OK;#REF!;2026-09-01 00:00:00;
Desktop Antigo;Optiplex 7020;FLJ0FN2;;Depósito RH;T.I;Dell;;;;Status : OK;Intel i7 7ª;NVMe 256 GB;8 GB;w10;OK;#REF!;2026-09-01 00:00:00;
Desktop Antigo;Optiplex 7020;FLJTDN2;;Depósito RH;T.I;Dell;;;;Status : OK;Intel i7 7ª;NVMe 256 GB;8 GB;w10;OK;#REF!;2026-09-01 00:00:00;
Desktop Antigo;Optiplex 7020;FLK0FN2;;Depósito RH;T.I;Dell;;;;Status : OK;Intel i7 7ª;SSD SATA 256 GB;8 GB;w10;OK;#REF!;2026-09-01 00:00:00;
Desktop Antigo;Optiplex 7020;FLKTDN2;;Depósito RH;T.I;Dell;;;;Status : OK;Intel i7 7ª;SSD SATA 256 GB;8 GB;w10;OK;#REF!;2026-09-01 00:00:00;
Desktop Antigo;Optiplex 7020;FLL0FN2;;Depósito RH;T.I;Dell;;;;Status : ina/DEF;Intel i7 7ª;SSD SATA 256 GB;8 GB;w10;OK;#REF!;2026-09-01 00:00:00;
Desktop Antigo;Optiplex 7020;FLM0FN2;;Depósito RH;T.I;Dell;;;;Status : OK;Intel i7 7ª;NVMe 256 GB;8 GB;w10;OK;#REF!;2026-09-01 00:00:00;
Desktop Antigo;Optiplex 7020;FLMTDN2;;Depósito RH;T.I;Dell;;;;Status : OK;Intel i7 7ª;NVMe 256 GB;8 GB;w10;OK;#REF!;2026-09-01 00:00:00;
Desktop Antigo;Optiplex 7020;FL1VDN2;;Diretoria Exec;GUSTAVO FRAGA BRANDAO PAULUS;Dell;;;;Status : OK;Intel i7 7ª;;8 GB;w10;OK;#REF!;2026-09-01 00:00:00;
Desktop Antigo;7050;FH0ZDN2;;Frente do swicher;USUÁRIO FRENTE SWICHER;Dell;;;;Status: Bom;;;;;OK;#REF!;2026-09-01 00:00:00;
Desktop Antigo;Optiplex 7020;FLBTDN2;;Frente do swicher;USUÁRIO FRENTE SWICHER;Dell;;;;Status : OK;Intel i7 7ª;NVMe 256 GB;8 GB;w10;OK;#REF!;2026-09-01 00:00:00;
Desktop Antigo;QCM1250;FGTZDN2;;ILHA 1;USUÁRIO  ILHA 1;Dell;;;;Status: Bom;;;;;OK;#REF!;2026-09-01 00:00:00;
Desktop Antigo;QCM1250;FGMTDN2;;ILHA 2;USUÁRIO ILHA 2;Dell;;;;Status: Bom;;;;;OK;#REF!;2026-09-01 00:00:00;
Desktop Antigo;QCM1250;FGS1FN2;;ILHA 3;USUÁRIO ILHA 3;Dell;;;;Status: Bom;;;;;OK;#REF!;2026-09-01 00:00:00;
Desktop Antigo;QCM1250;FGPYDN2;;ILHA 4;USUÁRIO ILHA 4;Dell;;;;Status: Bom;;;;;OK;#REF!;2026-09-01 00:00:00;
Desktop Antigo;Optiplex 7020;FFHYDN2;;Switcher;USUÁRIO SWITCHER;Dell;;;;Status : OK;;;;;OK;#REF!;2026-09-01 00:00:00;
Desktop Antigo;Optiplex 7020;FG92FN2;;Switcher;USUÁRIO SWITCHER;Dell;;;;Status : OK;Intel i7 7ª;NVMe 256 GB;8 GB;w10;OK;#REF!;2026-09-01 00:00:00;
Desktop Antigo;Optiplex 7020;FKTZDN2;;Switcher;USUÁRIO SWITCHER;Dell;;;;Status : OK;;;;;OK;#REF!;2026-09-01 00:00:00;
Desktop Antigo;Optiplex 7020;FLFZDN2;;Switcher;USUÁRIO SWITCHER;Dell;;;;Status : OK;;;;;OK;#REF!;2026-09-01 00:00:00;
Impressora;WorkCentre 3345;;8234;Administrativo;;XEROX;3BT806127;;10.28.70.21;Status: Bom;;;;;OK;#REF!;2026-09-01 00:00:00;
Impressora;COLOR ECOTANK;;15104;Diretoria Administrativa;MAURICIO GODINHO DOS SANTOS;EPSON;X952016786;;10.28.70.14;Status: Bom;;;;;OK;#REF!;2026-09-01 00:00:00;
Impressora;DCP-T830DW;;16549;DIRETORIA EXECUTIVA;GUSTAVO PAULOS;BROTHER;U67681G5H187183;;10.28.70.23;Status: Bom;;;;;OK;#REF!;2026-09-01 00:00:00;
Impressora;WorkCentre 3345;;8220;Jornalismo;;XEROX;3BT805947;;10.28.70.19;Status: Bom;;;;;OK;#REF!;2026-09-01 00:00:00;
Impressora;Color LaserJet MFP E57540;;16335;Marketing;;HP;BRBSN7NJD9;;10.28.70.18;Status: Bom;;;;;OK;#REF!;2026-09-01 00:00:00;
Impressora;WorkCentre 3345;;7663;OPEC;;XEROX;3BT806183;;10.28.70.20;Status: Bom;;;;;OK;#REF!;2026-09-01 00:00:00;
Impressora;WorkCentre 3345;;8533;RH;;XEROX;3BT805711;;10.28.70.22;Status: Bom;;;;;OK;#REF!;2026-09-01 00:00:00;
Micro;DELL PRO MICRO QCM1250;JTH31H4;830;Administração;AMANDA GOMES PACHECO SEVERO;Dell;;;;Status: Bom;Intel Core i5-14500T;512GB SSD NVME;16GB DDR5;;OK;#REF!;2026-09-01 00:00:00;
Micro;DELL PRO MICRO QCM1250;GZJ31H4;838;Administração;DAISY DA SILVA RUSSO;Dell;;;;Status: Bom;Intel Core i5-14500T;512GB SSD NVME;16GB DDR5;;OK;#REF!;2026-09-01 00:00:00;
Micro;DELL PRO MICRO QCM1250;4TH31H4;889;Administração;SABRINA CARVALHO DA SILVA;Dell;;;;Status: Bom;Intel Core i5-14500T;512GB SSD NVME;16GB DDR5;;OK;#REF!;2026-09-01 00:00:00;
Micro;DELL PRO MICRO QCM1250;F2K31H4;807;Administrativo;ADRIANO BARBOSA RESTA;Dell;;;;Status: Bom;Intel Core i5-14500T;512GB SSD NVME;16GB DDR5;;OK;#REF!;2026-09-01 00:00:00;
Micro;DELL PRO MICRO QCM1250;DTH31H4;827;Almoxarifado;USUÁRIO ALMOXARIFADO;Dell;;;;Status: Bom;Intel Core i5-14500T;512GB SSD NVME;16GB DDR5;;OK;#REF!;2026-09-01 00:00:00;
Micro;DELL PRO MICRO QCM1250;HRH31H4;817;Áudio;USUÁRIO ÁUDIO;Dell;;;;Status: Bom;Intel Core i5-14500T;512GB SSD NVME;16GB DDR5;;OK;#REF!;2026-09-01 00:00:00;
Micro;DELL PRO MICRO QCM1250;80K31H4;809;Cabine OFF;USUÁRIO CABINE OFF;Dell;;;;Status: Bom;Intel Core i5-14500T;512GB SSD NVME;16GB DDR5;;OK;#REF!;2026-09-01 00:00:00;
Micro;DELL PRO MICRO QCM1250;6SH31H4;816;Camarim;USUÁRIO CAMARIM;Dell;;;;Status: Bom;Intel Core i5-14500T;512GB SSD NVME;16GB DDR5;;OK;#REF!;2026-09-01 00:00:00;
Micro;DELL PRO MICRO QCM1250;CSH31H4;881;Cartucheira;USUÁRIO ÁUDIO;Dell;;;;Status: Bom;Intel Core i5-14500T;512GB SSD NVME;16GB DDR5;;OK;#REF!;2026-09-01 00:00:00;
Micro;DELL PRO MICRO QCM1250;92K31H4;815;Comercial;AMANDA DE OLIVEIRA MOREIRA;Dell;;;;Status: Bom;Intel Core i5-14500T;512GB SSD NVME;16GB DDR5;;OK;#REF!;2026-09-01 00:00:00;
Micro;DELL PRO MICRO QCM1250;G3K31H4;824;Comercial;ISABEL CRISTINA GIUSTI DA SILVA;Dell;;;;Status: Bom;Intel Core i5-14500T;512GB SSD NVME;16GB DDR5;;OK;#REF!;2026-09-01 00:00:00;
Micro;DELL PRO MICRO QCM1250;6TH31H4;835;Comercial;FABIANA ALMINHANA;Dell;;;;Status: Bom;Intel Core i5-14500T;512GB SSD NVME;16GB DDR5;;OK;#REF!;2026-09-01 00:00:00;
Micro;DELL PRO MICRO QCM1250;1RH31H4;822;Contabilidade;VALDIR STANZIONE;Dell;;;;Status: Bom;Intel Core i5-14500T;512GB SSD NVME;16GB DDR5;;OK;#REF!;2026-09-01 00:00:00;
Micro;DELL PRO MICRO QCM1250;G2K31H4;886;Contabilidade;SUSI SILVETE DA SILVA;Dell;;;;Status: Bom;Intel Core i5-14500T;512GB SSD NVME;16GB DDR5;;OK;#REF!;2026-09-01 00:00:00;
Micro;DELL PRO MICRO QCM1250;D1K31H4;866;Controladoria;LUIZA CLAUDIA GONCALVES;Dell;;;;Status: Bom;Intel Core i5-14500T;512GB SSD NVME;16GB DDR5;;OK;#REF!;2026-09-01 00:00:00;
Micro;DELL PRO MICRO QCM1250;23K31H4;871;Dallet;THIAGO COSTA NARDON;Dell;;;;Status: Bom;Intel Core i5-14500T;512GB SSD NVME;16GB DDR5;;OK;#REF!;2026-09-01 00:00:00;
Micro;DELL PRO MICRO QCM1250;8SH31H4;805;Depósito RH;CENTRAL TECNICA;Dell;;;;Status: Bom;Intel Core i5-14500T;512GB SSD NVME;16GB DDR5;;OK;#REF!;2026-09-01 00:00:00;
Micro;DELL PRO MICRO QCM1250;12K31H4;812;Depósito RH;T.I;Dell;;;;Status: Bom;Intel Core i5-14500T;512GB SSD NVME;16GB DDR5;;OK;#REF!;2026-09-01 00:00:00;
Micro;DELL PRO MICRO QCM1250;8RH31H4;860;Depósito RH;T.I;Dell;;;;Status: Bom;Intel Core i5-14500T;512GB SSD NVME;16GB DDR5;;OK;#REF!;2026-09-01 00:00:00;
Micro;DELL PRO MICRO QCM1250;9TH31H4;873;Depósito RH;CENTRAL TECNICA;Dell;;;;Status: Bom;Intel Core i5-14500T;512GB SSD NVME;16GB DDR5;;OK;#REF!;2026-09-01 00:00:00;
Micro;DELL PRO MICRO QCM1250;41K31H4;814;Depósito RH;T.I;Dell;;;;Status: Bom;Intel Core i5-14500T;512GB SSD NVME;16GB DDR5;;OK;#REF!;2026-09-01 00:00:00;
Micro;DELL PRO MICRO QCM1250;GRH31H4;;Depósito RH;T.I;Dell;;;;Status: Bom;Intel Core i5-14500T;512GB SSD NVME;16GB DDR5;;OK;#REF!;2026-09-01 00:00:00;
Micro;DELL PRO MICRO QCM1250;70K31H4;810;Diretoria Administrativa;MAURICIO GODINHO DOS SANTOS;Dell;;;;Status: Bom;Intel Core i5-14500T;512GB SSD NVME;16GB DDR5;;OK;#REF!;2026-09-01 00:00:00;
Micro;DELL PRO MICRO QCM1250;F1K31H4;829;DIRETORIA EXECUTIVA;GUSTAVO FRAGA BRANDAO PAULUS;Dell;;;;Status: Bom;Intel Core i5-14500T;512GB SSD NVME;16GB DDR5;;OK;#REF!;2026-09-01 00:00:00;
Micro;DELL PRO MICRO QCM1250;B1K31H4;808;Diretoria Ins;JOAO SILVIO SILVA;Dell;;;;Status: Bom;Intel Core i5-14500T;512GB SSD NVME;16GB DDR5;;OK;#REF!;2026-09-01 00:00:00;
Micro;DELL PRO MICRO QCM1250;BSH31H4;861;Diretoria Ins;FRANCIELLE MACHADO DA ROSA;Dell;;;;Status: Bom;Intel Core i5-14500T;512GB SSD NVME;16GB DDR5;;OK;#REF!;2026-09-01 00:00:00;
Micro;DELL PRO MICRO QCM1250;1TH31H4;804;Financeiro;GUILHERME DE SOUZA TEIXEIRA;Dell;;;;Status: Bom;Intel Core i5-14500T;512GB SSD NVME;16GB DDR5;;OK;#REF!;2026-09-01 00:00:00;
Micro;DELL PRO MICRO QCM1250;H1K31H4;867;Financeiro;NICOLLY VARGAS DE SOUZA;Dell;;;;Status: Bom;Intel Core i5-14500T;512GB SSD NVME;16GB DDR5;;OK;#REF!;2026-09-01 00:00:00;
Micro;DELL PRO MICRO QCM1250;5SH31H4;880;Financeiro;DEBORA CRUZ DE ANHAIA;Dell;;;;Status: Bom;Intel Core i5-14500T;512GB SSD NVME;16GB DDR5;;OK;#REF!;2026-09-01 00:00:00;
Micro;DELL PRO MICRO QCM1250;HSH31H4;820;Jornalismo;FELIPE CONTE ROCHA;Dell;;;;Status: Bom;Intel Core i5-14500T;512GB SSD NVME;16GB DDR5;;OK;#REF!;2026-09-01 00:00:00;
Micro;DELL PRO MICRO QCM1250;51K31H4;823;Jornalismo;RENATO GAVA RODRIGUES;Dell;;;;Status: Bom;Intel Core i5-14500T;512GB SSD NVME;16GB DDR5;;OK;#REF!;2026-09-01 00:00:00;
Micro;DELL PRO MICRO QCM1250;F0K31H4;825;Jornalismo;GUILHERME KEPLER MACHADO;Dell;;;;Status: Bom;Intel Core i5-14500T;512GB SSD NVME;16GB DDR5;;OK;#REF!;2026-09-01 00:00:00;
Micro;DELL PRO MICRO QCM1250;21K31H4;828;Jornalismo;HENRI SOMENSI;Dell;;;;Status: Bom;Intel Core i5-14500T;512GB SSD NVME;16GB DDR5;;OK;#REF!;2026-09-01 00:00:00;
Micro;DELL PRO MICRO QCM1250;C2K31H4;831;Jornalismo;TANIRA BOLIVAR LEBEDEFF;Dell;;;;Status: Bom;Intel Core i5-14500T;512GB SSD NVME;16GB DDR5;;OK;#REF!;2026-09-01 00:00:00;
Micro;DELL PRO MICRO QCM1250;H0K31H4;832;Jornalismo;BERNARDO DA CUNHA CONTRI;Dell;;;;Status: Bom;Intel Core i5-14500T;512GB SSD NVME;16GB DDR5;;OK;#REF!;2026-09-01 00:00:00;
Micro;DELL PRO MICRO QCM1250;FTH31H4;833;Jornalismo;CARMEL REIS MOSTARDEIRO;Dell;;;;Status: Bom;Intel Core i5-14500T;512GB SSD NVME;16GB DDR5;;OK;#REF!;2026-09-01 00:00:00;
Micro;DELL PRO MICRO QCM1250;J1K31H4;834;Jornalismo;PAULA FABYOLLA JOAQUIM MEZA;Dell;;;;Status: Bom;Intel Core i5-14500T;512GB SSD NVME;16GB DDR5;;OK;#REF!;2026-09-01 00:00:00;
Micro;DELL PRO MICRO QCM1250;CTH31H4;836;Jornalismo;VICENTI CIOTTA LIMA;Dell;;;;Status: Bom;Intel Core i5-14500T;512GB SSD NVME;16GB DDR5;;OK;#REF!;2026-09-01 00:00:00;
Micro;DELL PRO MICRO QCM1250;42K31H4;837;Jornalismo;EDIQUELI BIANCA DA SILVA;Dell;;;;Status: Bom;Intel Core i5-14500T;512GB SSD NVME;16GB DDR5;;OK;#REF!;2026-09-01 00:00:00;
Micro;DELL PRO MICRO QCM1250;6RH31H4;839;Jornalismo;FABIO ANDRE TEIXEIRA LEHMEN;Dell;;;;Status: Bom;Intel Core i5-14500T;512GB SSD NVME;16GB DDR5;;OK;#REF!;2026-09-01 00:00:00;
Micro;DELL PRO MICRO QCM1250;3TH31H4;840;Jornalismo;BRUNA MARÇAL CABRERA;Dell;;;;Status: Bom;Intel Core i5-14500T;512GB SSD NVME;16GB DDR5;;OK;#REF!;2026-09-01 00:00:00;
Micro;DELL PRO MICRO QCM1250;52K31H4;844;Jornalismo;IGOR PEREIRA DE OLIVEIRA;Dell;;;;Status: Bom;Intel Core i5-14500T;512GB SSD NVME;16GB DDR5;;OK;#REF!;2026-09-01 00:00:00;
Micro;DELL PRO MICRO QCM1250;5TH31H4;845;Jornalismo;MONIQUE MATIAS DORNELLES;Dell;;;;Status: Bom;Intel Core i5-14500T;512GB SSD NVME;16GB DDR5;;OK;#REF!;2026-09-01 00:00:00;
Micro;DELL PRO MICRO QCM1250;5RH31H4;847;Jornalismo;LEO HENRIQUE SABALLA JUNIOR;Dell;;;;Status: Bom;Intel Core i5-14500T;512GB SSD NVME;16GB DDR5;;OK;#REF!;2026-09-01 00:00:00;
Micro;DELL PRO MICRO QCM1250;3SH31H4;852;Jornalismo;JOELLEN RIBEIRO SOARES;Dell;;;;Status: Bom;Intel Core i5-14500T;512GB SSD NVME;16GB DDR5;;OK;#REF!;2026-09-01 00:00:00;
Micro;DELL PRO MICRO QCM1250;31K31H4;853;Jornalismo;JOSE HENRIQUE ROSITO FERRARO;Dell;;;;Status: Bom;Intel Core i5-14500T;512GB SSD NVME;16GB DDR5;;OK;#REF!;2026-09-01 00:00:00;
Micro;DELL PRO MICRO QCM1250;9RH31H4;855;Jornalismo;ANA RITA SANTANNA MARINI;Dell;;;;Status: Bom;Intel Core i5-14500T;512GB SSD NVME;16GB DDR5;;OK;#REF!;2026-09-01 00:00:00;
Micro;DELL PRO MICRO QCM1250;2SH31H4;856;Jornalismo;FERNANDA PENNA ESPINELLI WACLAWOVSKY;Dell;;;;Status: Bom;Intel Core i5-14500T;512GB SSD NVME;16GB DDR5;;OK;#REF!;2026-09-01 00:00:00;
Micro;DELL PRO MICRO QCM1250;2RH31H4;858;Jornalismo;ROSA MARIA TORRES AMARAL;Dell;;;;Status: Bom;Intel Core i5-14500T;512GB SSD NVME;16GB DDR5;;OK;#REF!;2026-09-01 00:00:00;
Micro;DELL PRO MICRO QCM1250;B2K31H4;859;Jornalismo;NATAN MOREIRA RAMIRO;Dell;;;;Status: Bom;Intel Core i5-14500T;512GB SSD NVME;16GB DDR5;;OK;#REF!;2026-09-01 00:00:00;
Micro;DELL PRO MICRO QCM1250;D3K31H4;862;Jornalismo;ALANDER AGUIAR DIAZ;Dell;;;;Status: Bom;Intel Core i5-14500T;512GB SSD NVME;16GB DDR5;;OK;#REF!;2026-09-01 00:00:00;
Micro;DELL PRO MICRO QCM1250;D2K31H4;863;Jornalismo;CAMILA RAFAELA DE OLIVEIRA ALEMANY;Dell;;;;Status: Bom;Intel Core i5-14500T;512GB SSD NVME;16GB DDR5;;OK;#REF!;2026-09-01 00:00:00;
Micro;DELL PRO MICRO QCM1250;DRH31H4;864;Jornalismo;ALEXSANDER PEIXOTO MACHADO;Dell;;;;Status: Bom;Intel Core i5-14500T;512GB SSD NVME;16GB DDR5;;OK;#REF!;2026-09-01 00:00:00;
Micro;DELL PRO MICRO QCM1250;DSH31H4;887;Jornalismo;FERNANDA OLIVEIRA BIERHALS;Dell;;;;Status: Bom;Intel Core i5-14500T;512GB SSD NVME;16GB DDR5;;OK;#REF!;2026-09-01 00:00:00;
Micro;DELL PRO MICRO QCM1250;FSH31H4;868;Jornalismo;CARLA ROSANE PACHECO SEABRA;Dell;;;;Status: Bom;Intel Core i5-14500T;512GB SSD NVME;16GB DDR5;;OK;#REF!;2026-09-01 00:00:00;
Micro;DELL PRO MICRO QCM1250;4RH31H4;876;Jornalismo;RICARDO NASCIMENTO DE AZEREDO;Dell;;;;Status: Bom;Intel Core i5-14500T;512GB SSD NVME;16GB DDR5;;OK;#REF!;2026-09-01 00:00:00;
Micro;DELL PRO MICRO QCM1250;22K31H4;846;Marketing;ESTER OLIVEIRA VASSOLER;Dell;;;;Status: Bom;Intel Core i5-14500T;512GB SSD NVME;16GB DDR5;;OK;#REF!;2026-09-01 00:00:00;
Micro;DELL PRO MICRO QCM1250;3RH31H4;848;Marketing;TIAGO PERONI;Dell;;;;Status: Bom;Intel Core i5-14500T;512GB SSD NVME;16GB DDR5;;OK;#REF!;2026-09-01 00:00:00;
Micro;DELL PRO MICRO QCM1250;53K31H4;849;Marketing;THIAGO FERREIRA WIEDEMANN;Dell;;;;Status: Bom;Intel Core i5-14500T;512GB SSD NVME;16GB DDR5;;OK;#REF!;2026-09-01 00:00:00;
Micro;DELL PRO MICRO QCM1250;73K31H4;875;Marketing;PAOLA RODRIGUES DOS SANTOS;Dell;;;;Status: Bom;Intel Core i5-14500T;512GB SSD NVME;16GB DDR5;;OK;#REF!;2026-09-01 00:00:00;
Micro;DELL PRO MICRO QCM1250;33K31H4;882;Marketing;GABRIEL DE CAMPOS MACHADO;Dell;;;;Status: Bom;Intel Core i5-14500T;512GB SSD NVME;16GB DDR5;;OK;#REF!;2026-09-01 00:00:00;
Micro;PRECISION 3660;CB4P4V2;;Marketing;RODRIGO CHAGAS FREITAS;Dell;;;;Status : OK;I7 - 12ª GERAÇÃO;SSD 240 GB;16GB DDR5;11 PRO;OK;#REF!;2026-09-01 00:00:00;
Micro;DELL PRO MICRO QCM1250;1SH31H4;874;Meet;MEET;Dell;;;;Status: Bom;Intel Core i5-14500T;512GB SSD NVME;16GB DDR5;;OK;#REF!;2026-09-01 00:00:00;
Micro;DELL PRO MICRO QCM1250;7TH31H4;826;Opec;MARIA EDUARDA SILVEIRA DORNELLES;Dell;;;;Status: Bom;Intel Core i5-14500T;512GB SSD NVME;16GB DDR5;;OK;#REF!;2026-09-01 00:00:00;
Micro;DELL PRO MICRO QCM1250;2TH31H4;878;Opec;VITOR HUGO SANTOS DA SILVA;Dell;;;;Status: Bom;Intel Core i5-14500T;512GB SSD NVME;16GB DDR5;;OK;#REF!;2026-09-01 00:00:00;
Micro;DELL PRO MICRO QCM1250;BTH31H4;821;Operações;DIOGENES FRITSCH DE MORAES;Dell;;;;Status: Bom;Intel Core i5-14500T;512GB SSD NVME;16GB DDR5;;OK;#REF!;2026-09-01 00:00:00;
Micro;DELL PRO MICRO QCM1250;32K31H4;883;Operações;DIRETOR DE CAMERA;Dell;;;;Status: Bom;Intel Core i5-14500T;512GB SSD NVME;16GB DDR5;;OK;#REF!;2026-09-01 00:00:00;
Micro;DELL PRO MICRO QCM1250;7SH31H4;857;Portaria;PORTARIA;Dell;;;;Status: Bom;Intel Core i5-14500T;512GB SSD NVME;16GB DDR5;;OK;#REF!;2026-09-01 00:00:00;
Micro;DELL PRO MICRO QCM1250;2VH31H4;854;Programação;BERNARDO BRAGA BARREIRO;Dell;;;;Status: Bom;Intel Core i5-14500T;512GB SSD NVME;16GB DDR5;;OK;#REF!;2026-09-01 00:00:00;
Micro;DELL PRO MICRO QCM1250;1VH31H4;879;Programação;FABIANO NUNES RAMOS;Dell;;;;Status: Bom;Intel Core i5-14500T;512GB SSD NVME;16GB DDR5;;OK;#REF!;2026-09-01 00:00:00;
Micro;DELL PRO MICRO QCM1250;C1FXZX1;2181;Programação/Market;USUÁRIO PROG/MARK;Dell;;;;Status: Bom;Intel Core i5-14500T;512GB SSD NVME;16GB DDR5;;OK;#REF!;2026-09-01 00:00:00;
Micro;DELL PRO MICRO QCM1250;JSH31H4;885;Recepção;JULIETE DA MAIA CAMILO;Dell;;;;Status: Bom;Intel Core i5-14500T;512GB SSD NVME;16GB DDR5;;OK;#REF!;2026-09-01 00:00:00;
Micro;DELL PRO MICRO QCM1250;6V57S64;593;RH;CAROLINA MONTEIRO;Dell;;;;Status: Bom;Intel Core i5-14500T;512GB SSD NVME;16GB DDR5;;OK;#REF!;2026-09-01 00:00:00;
Micro;DELL PRO MICRO QCM1250;9SH31H4;872;RH;FABIO ANDERSON RUBIRA GONZAGA;Dell;;;;Status: Bom;Intel Core i5-14500T;512GB SSD NVME;16GB DDR5;;OK;#REF!;2026-09-01 00:00:00;
Micro;DELL PRO MICRO QCM1250;HTH31H4;850;RH;MILLENA BEATRIZ PREUSS DE FREITAS;Dell;;;;Status: Bom;Intel Core i5-14500T;512GB SSD NVME;16GB DDR5;;OK;#REF!;2026-09-01 00:00:00;
Micro;DELL PRO MICRO QCM1250;2Z57S64;;RH;FERNANDA CORNELIS D AVILA DA SILVEIRA;Dell;;;;Status: Bom;Intel Core i5-14500T;512GB SSD NVME;16GB DDR5;;OK;#REF!;2026-09-01 00:00:00;
Micro;DELL PRO MICRO QCM1250;61K31H4;877;SALA DE REUNIÃO;USUÁRIO SALA DE REUNIÃO;Dell;;;;Status: Bom;Intel Core i5-14500T;512GB SSD NVME;16GB DDR5;;OK;#REF!;2026-09-01 00:00:00;
Micro;DELL PRO MICRO QCM1250;11K31H4;865;Secretária;MIRIAM SANTOS MARQUES;Dell;;;;Status: Bom;Intel Core i5-14500T;512GB SSD NVME;16GB DDR5;;OK;#REF!;2026-09-01 00:00:00;
Micro;DELL PRO MICRO QCM1250;83K31H4;806;Swicher;PLAY AOT;Dell;;;;Status: Bom;Intel Core i5-14500T;512GB SSD NVME;16GB DDR5;;OK;#REF!;2026-09-01 00:00:00;
Micro;DELL PRO MICRO QCM1250;B3K31H4;870;Swicher;TP;Dell;;;;Status: Bom;Intel Core i5-14500T;512GB SSD NVME;16GB DDR5;;OK;#REF!;2026-09-01 00:00:00;
Micro;OptiPlex 7020;FH5YDN2;;Swicher;PC GERAÇÃO;Dell;;;;Status: Bom;Intel Core i5-14500T;512GB SSD NVME;16GB DDR5;;OK;#REF!;2026-09-01 00:00:00;
Micro;DELL PRO MICRO QCM1250;71K31H4;818;Switcher;USUÁRIO SWITCHER;Dell;;;;Status: Bom;Intel Core i5-14500T;512GB SSD NVME;16GB DDR5;;OK;#REF!;2026-09-01 00:00:00;
Micro;DELL PRO MICRO QCM1250;JRH31H4;843;Switcher fora;USUÁRIO FRENTE SWITCHER;Dell;;;;Status: Bom;Intel Core i5-14500T;512GB SSD NVME;16GB DDR5;;OK;#REF!;2026-09-01 00:00:00;
Micro;DELL PRO MICRO QCM1250;4SH31H4;851;Switcher fora;USUÁRIO FRENTE SWITCHER;Dell;;;;Status: Bom;Intel Core i5-14500T;512GB SSD NVME;16GB DDR5;;OK;#REF!;2026-09-01 00:00:00;
Micro;DELL PRO MICRO QCM1250;7RH31H4;813;T.I;JOAO OTAVIO DA SILVA LOBO;Dell;;;;Status: Bom;Intel Core i5-14500T;512GB SSD NVME;16GB DDR5;;OK;#REF!;2026-09-01 00:00:00;
Micro;DELL PRO MICRO QCM1250;CRH31H4;869;T.I;BRUNO SELAU DOS SANTOS;Dell;;;;Status: Bom;Intel Core i5-14500T;512GB SSD NVME;16GB DDR5;;OK;#REF!;2026-09-01 00:00:00;
Micro;OptiPlex 7020;9KVT374;591;T.I;AMAILSON DA ROSA GAWLINSKI;Dell;;;;Status: Bom;Intel Core i5-14500T;512GB SSD NVME;16GB DDR5;;OK;#REF!;2026-09-01 00:00:00;
Micro;DELL PRO MICRO QCM1250;FRH31H4;813;T.I;JOÃO OTÁVIO;Dell;;;;Status: Bom;Intel Core i5-14500T;512GB SSD NVME;16GB DDR5;;OK;#REF!;2026-09-01 00:00:00;
Micro;DELL PRO MICRO QCM1250;J2K31H4;819;Técnica;FABIO ROSA DE OLIVEIRA;Dell;;;;Status: Bom;Intel Core i5-14500T;512GB SSD NVME;16GB DDR5;;OK;#REF!;2026-09-01 00:00:00;
Micro;DELL PRO MICRO QCM1250;8TH31H4;841;Técnica;DIOGENES RODRIGUES;Dell;;;;Status: Bom;Intel Core i5-14500T;512GB SSD NVME;16GB DDR5;;OK;#REF!;2026-09-01 00:00:00;
Micro;DELL PRO MICRO QCM1250;BRH31H4;884;Técnica;GUILHERME STREVENSKI SOUZA;Dell;;;;Status: Bom;Intel Core i5-14500T;512GB SSD NVME;16GB DDR5;;OK;#REF!;2026-09-01 00:00:00;
Micro;DELL PRO MICRO QCM1250;GTH31H4;888;Técnica;SAMIR BREUNIG FONSECA;Dell;;;;Status: Bom;Intel Core i5-14500T;512GB SSD NVME;16GB DDR5;;OK;#REF!;2026-09-01 00:00:00;
Micro;DELL PRO MICRO QCM1250;81K31H4;842;Técnica;JOSE PACHECO POMINA;Dell;;;;Status: Bom;Intel Core i5-14500T;512GB SSD NVME;16GB DDR5;;OK;#REF!;2026-09-01 00:00:00;
"Monitor  17"" , LCD ,  60Hz";1708FPt;;1895;Depósito RH;T.I;Dell;;;;DESCARTE;;;;;OK;#REF!;2026-09-01 00:00:00;
"Monitor 15"" , LCD , 60Hz";E157FPC;;2806;Depósito RH;T.I;DELL;;;;DESCARTE;;;;;OK;#REF!;2026-09-01 00:00:00;
"Monitor 17"" , LCD  , 60Hz";E178WFPt;;2995;Depósito RH;T.I;Dell;;;;DESCARTE;;;;;OK;#REF!;2026-09-01 00:00:00;
"Monitor 17"" , LCD , 60Hz";732NW;;1809;Depósito RH;T.I;Samsung;;;;DESCARTE;;;;;OK;#REF!;2026-09-01 00:00:00;
"Monitor 17"",  LCD , 60Hz";P170St;124;3004;Master;USUÁRIO MASTER;Dell;;;;Status: Bom;;;;;OK;#REF!;2026-09-01 00:00:00;
"Monitor 17"",  LCD , 60Hz";P170St;125;3025;Master;USUÁRIO MASTER;Dell;;;;Status: Bom;;;;;OK;#REF!;2026-09-01 00:00:00;
"Monitor 18,5"" , HD , 60Hz";E950SWDAN;;185LM00013;Depósito RH;T.I;NOC;;;;DESCARTE;;;;;OK;#REF!;2026-09-01 00:00:00;
"Monitor 18,5"" , HD , 60Hz";E1916Hf;;42WF0K2;Depósito RH;T.I;Dell;;;;DESCARTE;;;;;OK;#REF!;2026-09-01 00:00:00;
"Monitor 18,5"" , HD , 60Hz";E1916Hf;;4T2H0K2;Depósito RH;T.I;Dell;;;;DESCARTE;;;;;OK;#REF!;2026-09-01 00:00:00;
"Monitor 18,5"" , HD , 60Hz";E1916Hf;;4VBG0K2;Depósito RH;T.I;Dell;;;;DESCARTE;;;;;OK;#REF!;2026-09-01 00:00:00;
"Monitor 18,5"" , HD , 60Hz";E1916Hf;;4VDG0K2;Depósito RH;T.I;Dell;;;;DESCARTE;;;;;OK;#REF!;2026-09-01 00:00:00;
"Monitor 18,5"" , HD , 60Hz";E1916Hf;;571H0K2;Depósito RH;T.I;Dell;;;;DESCARTE;;;;;OK;#REF!;2026-09-01 00:00:00;
"Monitor 18,5"" , HD , 60Hz";E1916Hf;;57LG0K2;Depósito RH;T.I;Dell;;;;DESCARTE;;;;;OK;#REF!;2026-09-01 00:00:00;
"Monitor 18,5"" , HD , 60Hz";E1916Hf;;57YG0K2;Depósito RH;T.I;Dell;;;;DESCARTE;;;;;OK;#REF!;2026-09-01 00:00:00;
"Monitor 18,5"" , HD , 60Hz";E1916Hf;;57ZG0K2;Depósito RH;T.I;Dell;;;;DESCARTE;;;;;OK;#REF!;2026-09-01 00:00:00;
"Monitor 18,5"" , HD , 60Hz";E1916Hf;;60WG0K2;Depósito RH;T.I;Dell;;;;DESCARTE;;;;;OK;#REF!;2026-09-01 00:00:00;
"Monitor 18,5"" , HD , 60Hz";E1916Hf;;666G0K2;Depósito RH;T.I;Dell;;;;DESCARTE;;;;;OK;#REF!;2026-09-01 00:00:00;
"Monitor 18,5"" , HD , 60Hz";E1916Hf;;66HG0K2;Depósito RH;T.I;Dell;;;;DESCARTE;;;;;OK;#REF!;2026-09-01 00:00:00;
"Monitor 18,5"" , HD , 60Hz";E1916Hf;;671H0K2;Depósito RH;T.I;Dell;;;;DESCARTE;;;;;OK;#REF!;2026-09-01 00:00:00;
"Monitor 18,5"" , HD , 60Hz";E1916Hf;;673G0K2;Depósito RH;T.I;Dell;;;;DESCARTE;;;;;OK;#REF!;2026-09-01 00:00:00;
"Monitor 18,5"" , HD , 60Hz";E1916Hf;;67LG0K2;Depósito RH;T.I;Dell;;;;DESCARTE;;;;;OK;#REF!;2026-09-01 00:00:00;
"Monitor 18,5"" , HD , 60Hz";E1916Hf;;67PG0K2;Depósito RH;T.I;Dell;;;;DESCARTE;;;;;OK;#REF!;2026-09-01 00:00:00;
"Monitor 18,5"" , HD , 60Hz";E1916Hf;;67ZG0K2;Depósito RH;T.I;Dell;;;;DESCARTE;;;;;OK;#REF!;2026-09-01 00:00:00;
"Monitor 18,5"" , HD , 60Hz";E1916Hf;;68LG0K2;Depósito RH;T.I;Dell;;;;DESCARTE;;;;;OK;#REF!;2026-09-01 00:00:00;
"Monitor 18,5"" , HD , 60Hz";E1916Hf;;69SF0K2;Depósito RH;T.I;Dell;;;;DESCARTE;;;;;OK;#REF!;2026-09-01 00:00:00;
"Monitor 18,5"" , HD , 60Hz";E1916Hf;;6QSF0K2;Depósito RH;T.I;Dell;;;;DESCARTE;;;;;OK;#REF!;2026-09-01 00:00:00;
"Monitor 18,5"" , HD , 60Hz";E1916Hf;;6RVF0K2;Depósito RH;T.I;Dell;;;;DESCARTE;;;;;OK;#REF!;2026-09-01 00:00:00;
"Monitor 18,5"" , HD , 60Hz";E1916Hf;;6V1G0K2;Depósito RH;T.I;Dell;;;;DESCARTE;;;;;OK;#REF!;2026-09-01 00:00:00;
"Monitor 18,5"" , HD , 60Hz";E1916Hf;;6V6H0K2;Depósito RH;T.I;Dell;;;;DESCARTE;;;;;OK;#REF!;2026-09-01 00:00:00;
"Monitor 18,5"" , HD , 60Hz";E1916Hf;;6WGG0K2;Depósito RH;T.I;Dell;;;;DESCARTE;;;;;OK;#REF!;2026-09-01 00:00:00;
"Monitor 18,5"" , HD , 60Hz";E1916Hf;;6WKG0K2;Depósito RH;T.I;Dell;;;;DESCARTE;;;;;OK;#REF!;2026-09-01 00:00:00;
"Monitor 18,5"" , HD , 60Hz";E1916Hf;;6X2G0K2;Depósito RH;T.I;Dell;;;;DESCARTE;;;;;OK;#REF!;2026-09-01 00:00:00;
"Monitor 18,5"" , HD , 60Hz";E1916Hf;;6XQG0K2;Depósito RH;T.I;Dell;;;;DESCARTE;;;;;OK;#REF!;2026-09-01 00:00:00;
"Monitor 18,5"" , HD , 60Hz";E1916Hf;;6XSG0K2;Depósito RH;T.I;Dell;;;;DESCARTE;;;;;OK;#REF!;2026-09-01 00:00:00;
"Monitor 18,5"" , HD , 60Hz";E1916Hf;;6XZG0K2;Depósito RH;T.I;Dell;;;;DESCARTE;;;;;OK;#REF!;2026-09-01 00:00:00;
"Monitor 18,5"" , HD , 60Hz";E1916Hf;;6YHG0K2;Depósito RH;T.I;Dell;;;;DESCARTE;;;;;OK;#REF!;2026-09-01 00:00:00;
"Monitor 18,5"" , HD , 60Hz";E1916Hf;;6YXG0K2;Depósito RH;T.I;Dell;;;;DESCARTE;;;;;OK;#REF!;2026-09-01 00:00:00;
"Monitor 18,5"" , HD , 60Hz";E1916Hf;;6ZVG0K2;Depósito RH;T.I;Dell;;;;DESCARTE;;;;;OK;#REF!;2026-09-01 00:00:00;
"Monitor 18,5"" , HD , 60Hz";E1916Hf;;6ZYG0K2;Depósito RH;T.I;Dell;;;;DESCARTE;;;;;OK;#REF!;2026-09-01 00:00:00;
"Monitor 18,5"" , HD , 60Hz";E1916Hf;;6ZZG0K2;Depósito RH;T.I;Dell;;;;DESCARTE;;;;;OK;#REF!;2026-09-01 00:00:00;
"Monitor 18,5"" , HD , 60Hz";E1916Hf;140;6YFG0K2;Sala Tecnica;SALA TECNICA;Dell;;;;Status: Bom;;;;;OK;#REF!;2026-09-01 00:00:00;
"Monitor 18,5"" , HD , 60Hz";E1916Hf;131;6VZG0K2;Switcher;USUÁRIO SWITCHER;Dell;;;;Status : OK;;;;;OK;#REF!;2026-09-01 00:00:00;
"Monitor 18,5"" , HD , 60Hz";E1916Hf;132;6YYF0K2;Switcher;USUÁRIO SWITCHER;Dell;;;;Status : OK;;;;;OK;#REF!;2026-09-01 00:00:00;
"Monitor 18,5"" , HD , 60Hz";E1916Hf;128;6Z8G0K2;Switcher;USUÁRIO SWITCHER;Dell;;;;Status : OK;;;;;OK;#REF!;2026-09-01 00:00:00;
"Monitor 18,5"" , HD , 60Hz";E1916Hf;130;6ZXG0K2;Switcher;USUÁRIO SWITCHER;Dell;;;;Status : OK;;;;;OK;#REF!;2026-09-01 00:00:00;
"Monitor 18,5"" , LCD , 60Hz";W1943CV;;3832;Depósito RH;T.I;LG;;;;DESCARTE;;;;;OK;#REF!;2026-09-01 00:00:00;
"Monitor 18,5"" , LCD , 60Hz";W1943CV;;101SPAE2C400;Depósito RH;T.I;LG;;;;DESCARTE;;;;;OK;#REF!;2026-09-01 00:00:00;
"Monitor 18,5"" , LCD , 60Hz";W1943CV;;101SPED25892;Depósito RH;T.I;LG;;;;DESCARTE;;;;;OK;#REF!;2026-09-01 00:00:00;
"Monitor 18,5"" , LCD , 60Hz";W1943CV;;101SPJP31204;Depósito RH;T.I;LG;;;;DESCARTE;;;;;OK;#REF!;2026-09-01 00:00:00;
"Monitor 18,5"" , LCD , 60Hz";W1943CV;;3905;Depósito RH;T.I;LG;;;;DESCARTE;;;;;OK;#REF!;2026-09-01 00:00:00;
"Monitor 18.5"" , LCD , 60Hz";W1943CV;122;W194C-PRV;Master;USUÁRIO MASTER;Dell;;;;Status: Bom;;;;;OK;#REF!;2026-09-01 00:00:00;
Monitor 18.5”, HD , 60Hz;9P1E;005;663;Administrativo;SABRINA;Dell;;;;Status: Bom;;;;;OK;#REF!;2026-09-01 00:00:00;
Monitor 18.5”, HD , 60Hz;9P1E;006;664;Administrativo;SABRINA;Dell;;;;Status: Bom;;;;;OK;#REF!;2026-09-01 00:00:00;
Monitor 18.5”, HD , 60Hz;9P1E;009;667;Administrativo;ADRIANO RESTA;Dell;;;;Status: Bom;;;;;OK;#REF!;2026-09-01 00:00:00;
Monitor 18.5”, HD , 60Hz;9P1E;003;668;Administrativo;AMANDA PACHECO;Dell;;;;Status: Bom;;;;;OK;#REF!;2026-09-01 00:00:00;
Monitor 18.5”, HD , 60Hz;9P1E;004;677;Administrativo;AMANDA PACHECO;Dell;;;;Status: Bom;;;;;OK;#REF!;2026-09-01 00:00:00;
Monitor 18.5”, HD , 60Hz;9P1E;008;681;Administrativo;DAISY;Dell;;;;Status: Bom;;;;;OK;#REF!;2026-09-01 00:00:00;
Monitor 18.5”, HD , 60Hz;9P1E;007;683;Administrativo;DAISY;Dell;;;;Status: Bom;;;;;OK;#REF!;2026-09-01 00:00:00;
Monitor 18.5”, HD , 60Hz;9P1E;010;676;Administrativo;ADRIANO RESTA;Dell;;;;Status: Bom;;;;;OK;#REF!;2026-09-01 00:00:00;
Monitor 18.5”, HD , 60Hz;9P1E;061;453;Almoxarifado;USUÁRIO ALMOXARIFADO;Dell;;;;Status: Bom;;;;;OK;#REF!;2026-09-01 00:00:00;
Monitor 18.5”, HD , 60Hz;9P1E;065;417;Camarim;USUÁRIO CAMARIM;Dell;;;;Status: Bom;;;;;OK;#REF!;2026-09-01 00:00:00;
Monitor 18.5”, HD , 60Hz;9P1E;048;416;Comercial;ISABEL CRISTINA;Dell;;;;Status: Bom;;;;;OK;#REF!;2026-09-01 00:00:00;
Monitor 18.5”, HD , 60Hz;9P1E;047;448;Comercial;ISABEL CRISTINA;Dell;;;;Status: Bom;;;;;OK;#REF!;2026-09-01 00:00:00;
Monitor 18.5”, HD , 60Hz;9P1E;051;670;Comercial;FABIANA;Dell;;;;Status: Bom;;;;;OK;#REF!;2026-09-01 00:00:00;
Monitor 18.5”, HD , 60Hz;9P1E;052;671;Comercial;FABIANA;Dell;;;;Status: Bom;;;;;OK;#REF!;2026-09-01 00:00:00;
Monitor 18.5”, HD , 60Hz;9P1E;050;672;Comercial;AMANDA;Dell;;;;Status: Bom;;;;;OK;#REF!;2026-09-01 00:00:00;
Monitor 18.5”, HD , 60Hz;9P1E;049;674;Comercial;AMANDA;Dell;;;;Status: Bom;;;;;OK;#REF!;2026-09-01 00:00:00;
Monitor 18.5”, HD , 60Hz;9P1E;021;420;Contabilidade;SUSI;Dell;;;;Status: Bom;;;;;OK;#REF!;2026-09-01 00:00:00;
Monitor 18.5”, HD , 60Hz;9P1E;022;438;Contabilidade;SUSI;Dell;;;;Status: Bom;;;;;OK;#REF!;2026-09-01 00:00:00;
Monitor 18.5”, HD , 60Hz;9P1E;023;440;Contabilidade;VALDIR;Dell;;;;Status: Bom;;;;;OK;#REF!;2026-09-01 00:00:00;
Monitor 18.5”, HD , 60Hz;9P1E;024;442;Contabilidade;VALDIR;Dell;;;;Status: Bom;;;;;OK;#REF!;2026-09-01 00:00:00;
Monitor 18.5”, HD , 60Hz;9P1E;017;666;Controladoria;CLAUDIA;Dell;;;;Status: Bom;;;;;OK;#REF!;2026-09-01 00:00:00;
Monitor 18.5”, HD , 60Hz;9P1E;018;669;Controladoria;CLAUDIA;Dell;;;;Status: Bom;;;;;OK;#REF!;2026-09-01 00:00:00;
Monitor 18.5”, HD , 60Hz;9P1E;;419;Depósito RH;T.I;Dell;;;;Status: Bom;;;;;OK;#REF!;2026-09-01 00:00:00;
Monitor 18.5”, HD , 60Hz;9P1E;;441;Depósito RH;T.I;Dell;;;;Status: Bom;;;;;OK;#REF!;2026-09-01 00:00:00;
Monitor 18.5”, HD , 60Hz;9P1E;;443;Depósito RH;T.I;Dell;;;;Status: Bom;;;;;OK;#REF!;2026-09-01 00:00:00;
Monitor 18.5”, HD , 60Hz;9P1E;077;433;Diretoria Comercial;FRANCIELE ROSA;Dell;;;;Status: Bom;;;;;OK;#REF!;2026-09-01 00:00:00;
Monitor 18.5”, HD , 60Hz;9P1E;078;685;Diretoria Comercial;FRANCIELE ROSA;Dell;;;;Status: Bom;;;;;OK;#REF!;2026-09-01 00:00:00;
Monitor 18.5”, HD , 60Hz;9P1E;082;445;Diretoria Executiva;MIRIAM;Dell;;;;Status: Bom;;;;;OK;#REF!;2026-09-01 00:00:00;
Monitor 18.5”, HD , 60Hz;9P1E;025;415;Financeiro;DEBORA;Dell;;;;Status: Bom;;;;;OK;#REF!;2026-09-01 00:00:00;
Monitor 18.5”, HD , 60Hz;9P1E;026;427;Financeiro;DEBORA;Dell;;;;Status: Bom;;;;;OK;#REF!;2026-09-01 00:00:00;
Monitor 18.5”, HD , 60Hz;9P1E;028;432;Financeiro;GUILHERME;Dell;;;;Status: Bom;;;;;OK;#REF!;2026-09-01 00:00:00;
Monitor 18.5”, HD , 60Hz;9P1E;027;447;Financeiro;GUILHERME;Dell;;;;Status: Bom;;;;;OK;#REF!;2026-09-01 00:00:00;
Monitor 18.5”, HD , 60Hz;9P1E;029;429;Financeiro;DEBORA;Dell;;;;Status: Bom;;;;;OK;#REF!;2026-09-01 00:00:00;
Monitor 18.5”, HD , 60Hz;9P1E;030;450;Financeiro;DEBORA;Dell;;;;Status: Bom;;;;;OK;#REF!;2026-09-01 00:00:00;
Monitor 18.5”, HD , 60Hz;9P1E;034;673;Opec;VITOR;Dell;;;;Status: Bom;;;;;OK;#REF!;2026-09-01 00:00:00;
Monitor 18.5”, HD , 60Hz;9P1E;032;675;Opec;DUDA;Dell;;;;Status: Bom;;;;;OK;#REF!;2026-09-01 00:00:00;
Monitor 18.5”, HD , 60Hz;9P1E;033;678;Opec;VITOR;Dell;;;;Status: Bom;;;;;OK;#REF!;2026-09-01 00:00:00;
Monitor 18.5”, HD , 60Hz;9P1E;031;684;Opec;DUDA;Dell;;;;Status: Bom;;;;;OK;#REF!;2026-09-01 00:00:00;
Monitor 18.5”, HD , 60Hz;9P1E;063;425;Operações;DIOGENES FRITSCH DE MORAES;Dell;;;;Status: Bom;;;;;OK;#REF!;2026-09-01 00:00:00;
Monitor 18.5”, HD , 60Hz;9P1E;062;418;Operações;DIOGENES FRITSCH DE MORAES;Dell;;;;Status: Bom;;;;;OK;#REF!;2026-09-01 00:00:00;
Monitor 18.5”, HD , 60HZ;9P1E;144;444;Portaria;USUÁRIO PORTARIA;Dell;;;;Status: Bom;;;;;OK;#REF!;2026-09-01 00:00:00;
Monitor 18.5”, HD , 60Hz;9P1E;067;428;Programação;LUIS FABIANO;Dell;;;;Status: Bom;;;;;OK;#REF!;2026-09-01 00:00:00;
Monitor 18.5”, HD , 60Hz;9P1E;066;430;Programação;LUIS FABIANO;Dell;;;;Status: Bom;;;;;OK;#REF!;2026-09-01 00:00:00;
Monitor 18.5”, HD , 60Hz;9P1E;069;436;Programação;BERNARDO;Dell;;;;Status: Bom;;;;;OK;#REF!;2026-09-01 00:00:00;
Monitor 18.5”, HD , 60Hz;9P1E;068;449;Programação;BERNARDO;Dell;;;;Status: Bom;;;;;OK;#REF!;2026-09-01 00:00:00;
Monitor 18.5”, HD , 60Hz;9P1E;080;422;Recepção;JULLIETE;Dell;;;;Status: Bom;;;;;OK;#REF!;2026-09-01 00:00:00;
Monitor 18.5”, HD , 60Hz;9P1E;081;687;Recepção;JULLIETE;Dell;;;;Status: Bom;;;;;OK;#REF!;2026-09-01 00:00:00;
Monitor 18.5”, HD , 60Hz;9P1E;117;411;RH;FERNANDA CORNELIS;Dell;;;;Status: Bom;;;;;OK;#REF!;2026-09-01 00:00:00;
Monitor 18.5”, HD , 60Hz;9P1E;118;412;RH;FERNANDA CORNELIS;Dell;;;;Status: Bom;;;;;OK;#REF!;2026-09-01 00:00:00;
Monitor 18.5”, HD , 60Hz;9P1E;113;662;RH;FABIO ANDERON;Dell;;;;Status: Bom;;;;;OK;#REF!;2026-09-01 00:00:00;
Monitor 18.5”, HD , 60Hz;9P1E;114;665;RH;FABIO ANDERON;Dell;;;;Status: Bom;;;;;OK;#REF!;2026-09-01 00:00:00;
Monitor 18.5”, HD , 60Hz;9P1E;116;679;RH;CAROLINA MONTEIRO;Dell;;;;Status: Bom;;;;;OK;#REF!;2026-09-01 00:00:00;
Monitor 18.5”, HD , 60Hz;9P1E;112;680;RH;MYLENA;Dell;;;;Status: Bom;;;;;OK;#REF!;2026-09-01 00:00:00;
Monitor 18.5”, HD , 60Hz;9P1E;111;682;RH;MYLENA;Dell;;;;Status: Bom;;;;;OK;#REF!;2026-09-01 00:00:00;
Monitor 18.5”, HD , 60Hz;9P1E;115;686;RH;CAROLINA MONTEIRO;Dell;;;;Status: Bom;;;;;OK;#REF!;2026-09-01 00:00:00;
Monitor 18.5”, HD , 60Hz;9P1E;136;414;Switcher;USUÁRIO SWITCHER;Dell;;;;Status : OK;;;;;OK;#REF!;2026-09-01 00:00:00;
Monitor 18.5”, HD , 60Hz;9P1E;127;421;Switcher;USUÁRIO SWITCHER;Dell;;;;Status : OK;;;;;OK;#REF!;2026-09-01 00:00:00;
Monitor 18.5”, HD , 60Hz;9P1E;001;439;T.I;LIVRE;Dell;;;;Status: Bom;;;;;OK;#REF!;2026-09-01 00:00:00;
Monitor 18.5”, HD , 60Hz;9P1E;002;455;T.I;LIVRE;Dell;;;;Status: Bom;;;;;OK;#REF!;2026-09-01 00:00:00;
Monitor 18.5”, HD , 60Hz;9P1E;014;413;T.I;AMAILSON GAWLINSKI;Dell;;;;Status: Bom;;;;;OK;#REF!;2026-09-01 00:00:00;
Monitor 18.5”, HD , 60Hz;9P1E;013;424;T.I;AMAILSON GAWLINSKI;Dell;;;;Status: Bom;;;;;OK;#REF!;2026-09-01 00:00:00;
Monitor 18.5”, HD , 60Hz;9P1E;016;426;T.I;JOÃO OTÁVIO;Dell;;;;Status: Bom;;;;;OK;#REF!;2026-09-01 00:00:00;
Monitor 18.5”, HD , 60Hz;9P1E;015;691;T.I;JOÃO OTÁVIO;Dell;;;;Status: Bom;;;;;OK;#REF!;2026-09-01 00:00:00;
Monitor 18.5”, HD , 60Hz;9P1E;058;434;Técnica;SAMIR;Dell;;;;Status: Bom;;;;;OK;#REF!;2026-09-01 00:00:00;
Monitor 18.5”, HD , 60Hz;9P1E;059;454;Técnica;SAMIR;Dell;;;;Status: Bom;;;;;OK;#REF!;2026-09-01 00:00:00;
Monitor 18.5”, HD , 60Hz;9P1E;054;423;Técnica;FABIO;Dell;;;;Status: Bom;;;;;OK;#REF!;2026-09-01 00:00:00;
Monitor 18.5”, HD , 60Hz;9P1E;055;446;Técnica;FABIO;Dell;;;;Status: Bom;;;;;OK;#REF!;2026-09-01 00:00:00;
Monitor 18.5”, HD , 60Hz;9P1E;060;452;Técnica;PACHECO;Dell;;;;Status: Bom;;;;;OK;#REF!;2026-09-01 00:00:00;
Monitor 18.5”, HD , 60Hz;9P1E;053;451;Técnica;GUILHERME STREVINKI;Dell;;;;Status: Bom;;;;;OK;#REF!;2026-09-01 00:00:00;
"Monitor 19"" , LCD , 60Hz";E1913c;;BR-079N70-07591-445-2SFM;Depósito RH;T.I;Dell;;;;DESCARTE;;;;;OK;#REF!;2026-09-01 00:00:00;
"Monitor 19"" , LCD , 60Hz";1908FPt;;CN-0WR482-71618-732-ACUG;Depósito RH;T.I;Dell;;;;DESCARTE;;;;;OK;#REF!;2026-09-01 00:00:00;
"Monitor 20"" , LCD , 60Hz";T200M;;MPC666H;Depósito RH;T.I;Samsung;;;;DESCARTE;;;;;OK;#REF!;2026-09-01 00:00:00;
"Monitor 20,1"" , LCD , 60Hz";L2045w;119;CNT735Q3ML;Frente do swicher;USUÁRIO FRENTE SWICHER;Dell;;;;Status: Bom;;;;;OK;#REF!;2026-09-01 00:00:00;
"Monitor 20,1"" , LCD , 60Hz";L2045w;120;CNT735Q3N3;Frente do swicher;USUÁRIO FRENTE SWICHER;Dell;;;;Status: Bom;;;;;OK;#REF!;2026-09-01 00:00:00;
"Monitor 21,5"" , LCD , 60Hz";E2240SV;138;3751;Áudio;USUÁRIO ÁUDIO;LG;;;;Status: Bom;;;;;OK;#REF!;2026-09-01 00:00:00;
"Monitor 21,5"" , LCD , 60Hz";W1943C;137;3828;Áudio;USUÁRIO ÁUDIO;LG;;;;Status: Bom;;;;;OK;#REF!;2026-09-01 00:00:00;
"Monitor 21,5"" , LCD , 60Hz";W1943CV;;511;Depósito RH;T.I;LG;;;;DESCARTE;;;;;OK;#REF!;2026-09-01 00:00:00;
"Monitor 21,5"" , LCD , 60Hz";W1943CV;;3704;Depósito RH;T.I;LG;;;;DESCARTE;;;;;OK;#REF!;2026-09-01 00:00:00;
"Monitor 21,5"" , LCD , 60Hz";E2240SV;;3756;Depósito RH;T.I;LG;;;;DESCARTE;;;;;OK;#REF!;2026-09-01 00:00:00;
"Monitor 21,5"" , LCD , 60Hz";W1943CV;;3812;Depósito RH;T.I;LG;;;;DESCARTE;;;;;OK;#REF!;2026-09-01 00:00:00;
"Monitor 21,5"" , LCD , 60Hz";W1943CV;;3846;Depósito RH;T.I;LG;;;;DESCARTE;;;;;OK;#REF!;2026-09-01 00:00:00;
"Monitor 21,5"" , LCD , 60Hz";E2240SV;;3848;Depósito RH;T.I;LG;;;;DESCARTE;;;;;OK;#REF!;2026-09-01 00:00:00;
"Monitor 21,5"" , LCD , 60Hz";E2240SV;;3852;Depósito RH;T.I;LG;;;;DESCARTE;;;;;OK;#REF!;2026-09-01 00:00:00;
"Monitor 21,5"" , LCD , 60Hz";W1943CV;;3866;Depósito RH;T.I;LG;;;;DESCARTE;;;;;OK;#REF!;2026-09-01 00:00:00;
"Monitor 21,5"" , LCD , 60Hz";E2240SV;;3875;Depósito RH;T.I;LG;;;;DESCARTE;;;;;OK;#REF!;2026-09-01 00:00:00;
"Monitor 21,5"" , LCD , 60Hz";W1943CV;;3896;Depósito RH;T.I;LG;;;;DESCARTE;;;;;OK;#REF!;2026-09-01 00:00:00;
"Monitor 21,5"" , LCD , 60Hz";W1943CV;;101SPDT25938;Depósito RH;T.I;LG;;;;DESCARTE;;;;;OK;#REF!;2026-09-01 00:00:00;
"Monitor 21,5"" , LCD , 60Hz";E2240SV;;101SPFX1C395;Depósito RH;T.I;LG;;;;DESCARTE;;;;;OK;#REF!;2026-09-01 00:00:00;
"Monitor 21,5"" , LCD , 60Hz";E2240SV;;101SPGS1C407;Depósito RH;T.I;LG;;;;DESCARTE;;;;;OK;#REF!;2026-09-01 00:00:00;
"Monitor 21,5"" , LCD , 60Hz";E2240SV;;101SPHG1D073;Depósito RH;T.I;LG;;;;DESCARTE;;;;;OK;#REF!;2026-09-01 00:00:00;
"Monitor 21,5"" , LCD , 60Hz";E2240SV;;101SPJP1C396;Depósito RH;T.I;LG;;;;DESCARTE;;;;;OK;#REF!;2026-09-01 00:00:00;
"Monitor 21,5"" , LCD , 60Hz";E2240SV;;101SPKN1D325;Depósito RH;T.I;LG;;;;DESCARTE;;;;;OK;#REF!;2026-09-01 00:00:00;
"Monitor 21,5"" , LCD , 60Hz";W1943CV;;101SPNY27983;Depósito RH;T.I;LG;;;;DESCARTE;;;;;OK;#REF!;2026-09-01 00:00:00;
"Monitor 21,5"" , LCD , 60Hz";W1943CV;;101SPP82Y960;Depósito RH;T.I;LG;;;;DESCARTE;;;;;OK;#REF!;2026-09-01 00:00:00;
"Monitor 21,5"" , LCD , 60Hz";W1943CV;;101SPSL2C366;Depósito RH;T.I;LG;;;;DESCARTE;;;;;OK;#REF!;2026-09-01 00:00:00;
"Monitor 21,5"" , LCD , 60Hz";W1943CV;;101SPTM2Y945;Depósito RH;T.I;LG;;;;DESCARTE;;;;;OK;#REF!;2026-09-01 00:00:00;
"Monitor 21,5"" , LCD , 60Hz";W1943CV;;101SPTM31193;Depósito RH;T.I;LG;;;;DESCARTE;;;;;OK;#REF!;2026-09-01 00:00:00;
"Monitor 21,5"" , LCD , 60Hz";E2240SV;;101SPUU1D326;Depósito RH;T.I;LG;;;;DESCARTE;;;;;OK;#REF!;2026-09-01 00:00:00;
"Monitor 21,5"" , LCD , 60Hz";W1943CV;;101SPUU2C182;Depósito RH;T.I;LG;;;;DESCARTE;;;;;OK;#REF!;2026-09-01 00:00:00;
"Monitor 21,5"" , LCD , 60Hz";E2240SV;;101SPWQ1C417;Depósito RH;T.I;LG;;;;DESCARTE;;;;;OK;#REF!;2026-09-01 00:00:00;
"Monitor 21,5"" , LCD , 60Hz";W1943CV;;101SPXV27370;Depósito RH;T.I;LG;;;;DESCARTE;;;;;OK;#REF!;2026-09-01 00:00:00;
"Monitor 21,5"" , LCD , 60Hz";W1943CV;;101SPYR25930;Depósito RH;T.I;LG;;;;DESCARTE;;;;;OK;#REF!;2026-09-01 00:00:00;
"Monitor 21,5"" , LCD , 60Hz";E2240SV;;103SPOJ0W964;Depósito RH;T.I;LG;;;;DESCARTE;;;;;OK;#REF!;2026-09-01 00:00:00;
"Monitor 21,5"" , LCD , 60Hz";E2240SV;;103SPRW0Z686;Depósito RH;T.I;LG;;;;DESCARTE;;;;;OK;#REF!;2026-09-01 00:00:00;
"Monitor 21,5"" , LCD , 60Hz";E2240SV;;103SPVH0W911;Depósito RH;T.I;LG;;;;DESCARTE;;;;;OK;#REF!;2026-09-01 00:00:00;
"Monitor 21,5"" , LCD , 60Hz";E2240SV;;103SPYR0W914;Depósito RH;T.I;LG;;;;DESCARTE;;;;;OK;#REF!;2026-09-01 00:00:00;
"Monitor 21,5"" , LCD , 60Hz";E2240SV;;103SPZK0W965;Depósito RH;T.I;LG;;;;DESCARTE;;;;;OK;#REF!;2026-09-01 00:00:00;
"Monitor 21,5"" , LCD , 60Hz";E2240SV;;3997;Depósito RH;T.I;LG;;;;DESCARTE;;;;;OK;#REF!;2026-09-01 00:00:00;
"Monitor 21,5"" , LCD , 60Hz";E2240SV;;3999;Depósito RH;T.I;LG;;;;DESCARTE;;;;;OK;#REF!;2026-09-01 00:00:00;
"Monitor 21,5"" , LCD , 60Hz";W1943CV;134;101SPJP311636;Switcher;USUÁRIO SWITCHER;LG;;;;Status : OK;;;;;OK;#REF!;2026-09-01 00:00:00;
"Monitor 21,5"" , LCD , 60Hz";E2240SV;133;3366;Switcher;USUÁRIO SWITCHER;LG;;;;Status : OK;;;;;OK;#REF!;2026-09-01 00:00:00;
"Monitor 21.5"" , FHD , 60Hz";S2240LC;141;2404;Diretoria Executiva;GUSTAVO FRAGA BRANDAO PAULUS;Dell;;;;Status: Bom;;;;;OK;#REF!;2026-09-01 00:00:00;
"Monitor 21.5"" , FHD , 60Hz";2240Lc;126;2400;Gerencia Op/Eg;DIOGENES RODRIGUES;Dell;;;;Status: Bom;;;;;OK;#REF!;2026-09-01 00:00:00;
"Monitor 21.5"" , LED , 60Hz";LG E2240SV;123;3724;Master;USUÁRIO MASTER;Dell;;;;Status: Bom;;;;;OK;#REF!;2026-09-01 00:00:00;
Monitor 21.5'', FHD , 75Hz;22B3HMF;011;720;T.I;BRUNO;Dell;;;;Status: Bom;;;;;OK;#REF!;2026-09-01 00:00:00;
Monitor 21.5'', FHD , 75Hz;22B3HMF;012;726;T.I;BRUNO;Dell;;;;Status: Bom;;;;;OK;#REF!;2026-09-01 00:00:00;
Monitor 21.5'', FHD, 75HZ;22B3HMF;139;708;Áudio;USUÁRIO ÁUDIO;Dell;;;;Status: Bom;;;;;OK;#REF!;2026-09-01 00:00:00;
Monitor 21.5'', FHD, 75HZ;22B3HMF;;712;Depósito RH;T.I;Dell;;;;Status: Bom;;;;;OK;#REF!;2026-09-01 00:00:00;
Monitor 21.5'', FHD, 75HZ;22B3HMF;;715;Depósito RH;T.I;Dell;;;;Status: Bom;;;;;OK;#REF!;2026-09-01 00:00:00;
Monitor 21.5'', FHD, 75HZ;22B3HMF;;716;Depósito RH;T.I;Dell;;;;Status: Bom;;;;;OK;#REF!;2026-09-01 00:00:00;
Monitor 21.5'', FHD, 75HZ;22B3HMF;;718;Depósito RH;T.I;Dell;;;;Status: Bom;;;;;OK;#REF!;2026-09-01 00:00:00;
Monitor 21.5'', FHD, 75HZ;22B3HMF;;723;Depósito RH;T.I;Dell;;;;Status: Bom;;;;;OK;#REF!;2026-09-01 00:00:00;
Monitor 21.5'', FHD, 75HZ;22B3HMF;;725;Depósito RH;T.I;Dell;;;;Status: Bom;;;;;OK;#REF!;2026-09-01 00:00:00;
Monitor 21.5'', FHD, 75HZ;22B3HMF;;728;Depósito RH;T.I;Dell;;;;Status: Bom;;;;;OK;#REF!;2026-09-01 00:00:00;
Monitor 21.5'', FHD, 75HZ;22B3HMF;;730;Depósito RH;T.I;Dell;;;;Status: Bom;;;;;OK;#REF!;2026-09-01 00:00:00;
Monitor 21.5'', FHD, 75HZ;22B3HMF;039;711;Marketing;TIAGO FERREIRA;Dell;;;;Status: Bom;;;;;OK;#REF!;2026-09-01 00:00:00;
Monitor 21.5'', FHD, 75HZ;22B3HMF;041;713;Marketing;ESTER;Dell;;;;Status: Bom;;;;;OK;#REF!;2026-09-01 00:00:00;
Monitor 21.5'', FHD, 75HZ;22B3HMF;036;717;Marketing;TIAGO PERONI;Dell;;;;Status: Bom;;;;;OK;#REF!;2026-09-01 00:00:00;
Monitor 21.5'', FHD, 75HZ;22B3HMF;040;719;Marketing;TIAGO FERREIRA;Dell;;;;Status: Bom;;;;;OK;#REF!;2026-09-01 00:00:00;
Monitor 21.5'', FHD, 75HZ;22B3HMF;042;721;Marketing;ESTER;Dell;;;;Status: Bom;;;;;OK;#REF!;2026-09-01 00:00:00;
Monitor 21.5'', FHD, 75HZ;22B3HMF;046;710;Marketing;GABRIEL CAMPOS;Dell;;;;Status: Bom;;;;;OK;#REF!;2026-09-01 00:00:00;
Monitor 21.5'', FHD, 75HZ;22B3HMF;044;714;Marketing;PAOLA RODRIGUES;Dell;;;;Status: Bom;;;;;OK;#REF!;2026-09-01 00:00:00;
Monitor 21.5'', FHD, 75HZ;22B3HMF;045;722;Marketing;GABRIEL CAMPOS;Dell;;;;Status: Bom;;;;;OK;#REF!;2026-09-01 00:00:00;
Monitor 21.5'', FHD, 75HZ;22B3HMF;035;724;Marketing;TIAGO PERONI;Dell;;;;Status: Bom;;;;;OK;#REF!;2026-09-01 00:00:00;
Monitor 21.5'', FHD, 75HZ;22B3HMF;043;727;Marketing;PAOLA RODRIGUES;Dell;;;;Status: Bom;;;;;OK;#REF!;2026-09-01 00:00:00;
Monitor 21.5'', FHD, 75HZ;22B3HMF;071;709;MEET;MEET;Dell;;;;Status: Bom;;;;;OK;#REF!;2026-09-01 00:00:00;
"Monitor 22"" , LCD ,  60Hz";E2210c;;CN-0T808R-64180-97D-2DDS;Depósito RH;T.I;Dell;;;;DESCARTE;;;;;OK;#REF!;2026-09-01 00:00:00;
"Monitor 23"" , FHD , 60Hz";P2317H;020;50G5GL2;Dallet;THIAGO COSTA NARDON;Dell;;;;Status: Bom;;;;;OK;#REF!;2026-09-01 00:00:00;
"Monitor 23"" , FHD , 60Hz";P2317H;019;88P5GL2;Dallet;THIAGO COSTA NARDON;Dell;;;;Status: Bom;;;;;OK;#REF!;2026-09-01 00:00:00;
"Monitor 23"" , FHD , 60Hz";P2317H;;5MK5GL2;Depósito RH;T.I;Dell;;;;Status: Bom;;;;;OK;#REF!;2026-09-01 00:00:00;
"Monitor 23"" , FHD , 60Hz";P2317H;;7G25GL2;Depósito RH;T.I;Dell;;;;Status: Bom;;;;;OK;#REF!;2026-09-01 00:00:00;
"Monitor 23"" , FHD , 60Hz";P2317H;143;9MN5GL2;Diretoria Administrativa;MAURICIO;Dell;;;;Status: Bom;;;;;OK;#REF!;2026-09-01 00:00:00;
"Monitor 23"" , FHD , 60Hz";P2317H;107;2BN5GL2;ILHA 1;USUÁRIO  ILHA 1;Dell;;;;Status: Bom;;;;;OK;#REF!;2026-09-01 00:00:00;
"Monitor 23"" , FHD , 60Hz";P2317H;108;2GG5GL2;ILHA 1;USUÁRIO  ILHA 1;Dell;;;;Status: Bom;;;;;OK;#REF!;2026-09-01 00:00:00;
"Monitor 23"" , FHD , 60Hz";P2317H;109;3GDXGL2;ILHA 2;USUÁRIO ILHA 2;Dell;;;;Status: Bom;;;;;OK;#REF!;2026-09-01 00:00:00;
"Monitor 23"" , FHD , 60Hz";P2317H;110;67M5GL2;ILHA 2;USUÁRIO ILHA 2;Dell;;;;Status: Bom;;;;;OK;#REF!;2026-09-01 00:00:00;
"Monitor 23"" , FHD , 60Hz";P2317H;106;38T4GL2;ILHA 3;USUÁRIO ILHA 3;Dell;;;;Status: Bom;;;;;OK;#REF!;2026-09-01 00:00:00;
"Monitor 23"" , FHD , 60Hz";P2317H;105;7CK5GL2;ILHA 3;USUÁRIO ILHA 3;Dell;;;;Status: Bom;;;;;OK;#REF!;2026-09-01 00:00:00;
"Monitor 23"" , FHD , 60Hz";P2317H;072;2GV4GL2;ILHA 4;USUÁRIO ILHA 4;Dell;;;;Status: Bom;;;;;OK;#REF!;2026-09-01 00:00:00;
"Monitor 23"" , FHD , 60Hz";P2317H;073;81K5GL2;ILHA 4;USUÁRIO ILHA 4;Dell;;;;Status: Bom;;;;;OK;#REF!;2026-09-01 00:00:00;
"Monitor 23"" , FHD , 60Hz";P2317H;037;51K5GL2;Marketing;RODRIGO CHAGAS;Dell;;;;Status: Bom;;;;;OK;#REF!;2026-09-01 00:00:00;
"Monitor 23"" , FHD , 60Hz";P2317H;038;6K05GL2;Marketing;RODRIGO CHAGAS;Dell;;;;Status: Bom;;;;;OK;#REF!;2026-09-01 00:00:00;
Monitor 24'', FHD, 100HZ;24B3HMF2;064;431;Cabine OFF;USUÁRIO CABINE OFF;Dell;;;;Status: Bom;;;;;OK;#REF!;2026-09-01 00:00:00;
Monitor 24'', FHD, 100HZ;24B3HMF2;079;762;Diretoria Comercial;SILVIO;Dell;;;;Status: Bom;;;;;OK;#REF!;2026-09-01 00:00:00;
Monitor 24'', FHD, 100HZ;24B3HMF2;142;743;Diretoria Executiva;GUSTAVO FRAGA BRANDAO PAULUS;Dell;;;;Status: Bom;;;;;OK;#REF!;2026-09-01 00:00:00;
Monitor 24'', FHD, 100Hz;24B3HMF2;121;740;Frente do swicher;USUÁRIO FRENTE SWICHER;Dell;;;;Status: Bom;;;;;OK;#REF!;2026-09-01 00:00:00;
Monitor 24'', FHD, 100Hz;24B3HMF2;088;734;Jornalismo;CAMILA RAFAELA;Dell;;;;Status: Bom;;;;;OK;#REF!;2026-09-01 00:00:00;
Monitor 24'', FHD, 100Hz;24B3HMF2;092;735;Jornalismo;FELIPE CONTE;Dell;;;;Status: Bom;;;;;OK;#REF!;2026-09-01 00:00:00;
Monitor 24'', FHD, 100Hz;24B3HMF2;104;745;Jornalismo;CARMEL REIS;Dell;;;;Status: Bom;;;;;OK;#REF!;2026-09-01 00:00:00;
Monitor 24'', FHD, 100HZ;24B3HMF2;070;746;Jornalismo;GUILHERME KEPLER;Dell;;;;Status: Bom;;;;;OK;#REF!;2026-09-01 00:00:00;
Monitor 24'', FHD, 100Hz;24B3HMF2;103;747;Jornalismo;LEO HENRIQUE SABALLA;Dell;;;;Status: Bom;;;;;OK;#REF!;2026-09-01 00:00:00;
Monitor 24'', FHD, 100Hz;24B3HMF2;089;749;Jornalismo;BRUNA MARÇAL;Dell;;;;Status: Bom;;;;;OK;#REF!;2026-09-01 00:00:00;
Monitor 24'', FHD, 100Hz;24B3HMF2;094;751;Jornalismo;IGOR PEREIRA;Dell;1OVP9XA000865;;;Status: Bom;;;;;OK;#REF!;2026-09-01 00:00:00;
Monitor 24'', FHD, 100Hz;24B3HMF2;084;753;Jornalismo;LEONARDO LARA;Dell;;;;Status: Bom;;;;;OK;#REF!;2026-09-01 00:00:00;
Monitor 24'', FHD, 100Hz;24B3HMF2;090;755;Jornalismo;ALANDER AGUIAR;Dell;;;;Status: Bom;;;;;OK;#REF!;2026-09-01 00:00:00;
Monitor 24'', FHD, 100Hz;24B3HMF2;087;756;Jornalismo;ALEXANDRE;Dell;;;;Status: Bom;;;;;OK;#REF!;2026-09-01 00:00:00;
Monitor 24'', FHD, 100Hz;24B3HMF2;086;757;Jornalismo;JOSÉ HENRIQUE;Dell;;;;Status: Bom;;;;;OK;#REF!;2026-09-01 00:00:00;
Monitor 24'', FHD, 100Hz;24B3HMF2;093;759;Jornalismo;JOELLEN RIBEIRO;Dell;;;;Status: Bom;;;;;OK;#REF!;2026-09-01 00:00:00;
Monitor 24'', FHD, 100Hz;24B3HMF2;085;761;Jornalismo;BERNADO DA CUNHA;Dell;;;;Status: Bom;;;;;OK;#REF!;2026-09-01 00:00:00;
Monitor 24'', FHD, 100Hz;24B3HMF2;083;732;Jornalismo;HENRI SOMENSI;Dell;;;;Status: Bom;;;;;OK;#REF!;2026-09-01 00:00:00;
Monitor 24'', FHD, 100Hz;24B3HMF2;099;733;Jornalismo;FABIO ANDRE;Dell;;;;Status: Bom;;;;;OK;#REF!;2026-09-01 00:00:00;
Monitor 24'', FHD, 100Hz;24B3HMF2;096;736;Jornalismo;PAULA FABYOLLA;Dell;;;;Status: Bom;;;;;OK;#REF!;2026-09-01 00:00:00;
Monitor 24'', FHD, 100Hz;24B3HMF2;098;737;Jornalismo;VICENTE CIOTTA;Dell;;;;Status: Bom;;;;;OK;#REF!;2026-09-01 00:00:00;
Monitor 24'', FHD, 100Hz;24B3HMF2;097;738;Jornalismo;ROSA MARIA;Dell;;;;Status: Bom;;;;;OK;#REF!;2026-09-01 00:00:00;
Monitor 24'', FHD, 100Hz;24B3HMF2;100;739;Jornalismo;FERNANDA PENNA;Dell;;;;Status: Bom;;;;;OK;#REF!;2026-09-01 00:00:00;
Monitor 24'', FHD, 100Hz;24B3HMF2;102;750;Jornalismo;TANIRA BOLIVAR;Dell;;;;Status: Bom;;;;;OK;#REF!;2026-09-01 00:00:00;
Monitor 24'', FHD, 100Hz;24B3HMF2;095;752;Jornalismo;ANA RITA;Dell;;;;Status: Bom;;;;;OK;#REF!;2026-09-01 00:00:00;
Monitor 24'', FHD, 100Hz;24B3HMF2;091;754;Jornalismo;NATAN MOREIRA;Dell;;;;Status: Bom;;;;;OK;#REF!;2026-09-01 00:00:00;
Monitor 24'', FHD, 100Hz;24B3HMF2;101;758;Jornalismo;FERNANDA OLIVEIRA;Dell;;;;Status: Bom;;;;;OK;#REF!;2026-09-01 00:00:00;
Monitor 24'', FHD, 100HZ;24B3HMF2;076;742;NUCLEOS;RICARDO AZEREDO;Dell;;;;Status: Bom;;;;;OK;#REF!;2026-09-01 00:00:00;
Monitor 24'', FHD, 100HZ;24B3HMF2;075;744;NUCLEOS;CARLA SEABRA;Dell;;;;Status: Bom;;;;;OK;#REF!;2026-09-01 00:00:00;
Monitor 24'', FHD, 100HZ;24B3HMF2;074;760;Jornalismo;GAVA;Dell;;;;Status: Bom;;;;;OK;#REF!;2026-09-01 00:00:00;
Monitor 24'', FHD, 100HZ;24B3HMF2;129;1OVP9XA000805;Switcher;USUÁRIO SWITCHER;Dell;;;;Status : OK;;;;;OK;#REF!;2026-09-01 00:00:00;
Monitor 24'', FHD, 100HZ;24B3HMF2;135;748;Switcher;USUÁRIO SWITCHER;Dell;;;;Status : OK;;;;;OK;#REF!;2026-09-01 00:00:00;
MONTADO;;;3867;Depósito RH;T.I;Dell;;;;Status : OK;;;;;OK;#REF!;2026-09-01 00:00:00;
MONTADO;;;3750;Depósito RH;T.I;Dell;;;;Status : inativo;;;;;OK;#REF!;2026-09-01 00:00:00;
MONTADO;;;3835;Depósito RH;T.I;Dell;;;;Status : inativo;;;;;OK;#REF!;2026-09-01 00:00:00;
MONTADO;;;3853;Depósito RH;T.I;Dell;;;;Status : inativo;;;;;OK;#REF!;2026-09-01 00:00:00;
MONTADO;;;;Depósito RH;T.I;Dell;;;;Status : inativo;;;;;OK;#REF!;2026-09-01 00:00:00;
MONTADO;;;;Depósito RH;T.I;Dell;;;;Status : inativo;;;;;OK;#REF!;2026-09-01 00:00:00;
MONTADO;;;;Depósito RH;T.I;Dell;;;;Status : inativo;;;;;OK;#REF!;2026-09-01 00:00:00;
MONTADO;;;;Depósito RH;T.I;Dell;;;;Status : inativo;;;;;OK;#REF!;2026-09-01 00:00:00;
MONTADO;;;;Depósito RH;T.I;Dell;;;;Status : inativo;;;;;OK;#REF!;2026-09-01 00:00:00;
MONTADO;;;;Depósito RH;T.I;Dell;;;;Status : OK;;;;;OK;#REF!;2026-09-01 00:00:00;
MONTADO;;;;Depósito RH;T.I;Dell;;;;Status : OK;;;;;OK;#REF!;2026-09-01 00:00:00;
MONTADO;;;3823;FTP;Sala do T.I;Dell;;;;Status : OK;;;;;OK;#REF!;2026-09-01 00:00:00;
MONTADO;;;3837;SUITA / CENTRAL TECNICA;SALA TECNICA;Dell;;;;Status : OK;;;;;OK;#REF!;2026-09-01 00:00:00;
MONTADO ADMIN;;D8147L1;;Depósito RH;T.I;Dell;;;;Status : inativo;;;;;OK;#REF!;2026-09-01 00:00:00;
MONTADO LOCADO;;;nº 0611;Depósito RH;T.I;Dell;;;;Status : inativo;;;;;OK;#REF!;2026-09-01 00:00:00;
MONTADO RPOA_099;;BYP23P1;3001;Depósito RH;T.I;Dell;;;;Status : inativo;;;;;OK;#REF!;2026-09-01 00:00:00;
Notebook;Latitude 3420;15QD804;;Comercial;ALAN CAMPOS DE FREITAS;Dell;;;;Status: Bom;I5;128 GB;4GB;Windows 10 Pro;OK;#REF!;2026-09-01 00:00:00;
Notebook;Latitude 3420;55QD804;;Comercial;MARCELO SILVEIRA GOEBEL;Dell;;;;Status: Bom;I5;128 GB;4GB;Windows 10 Pro;OK;#REF!;2026-09-01 00:00:00;
Notebook;Latitude 3420;B5QD804;;Comercial;ANA LUIZA CORREA;Dell;;;;Status: Bom;I5;128 GB;4GB;Windows 10 Pro;OK;#REF!;2026-09-01 00:00:00;
Notebook;Latitude 3420;C4QD804;;Comercial;MARCIA MACHADO DAUDT;Dell;;;;Status: Bom;I5;128 GB;4GB;Windows 10 Pro;OK;#REF!;2026-09-01 00:00:00;
Notebook;Latitude 3420;14QD804;153;Comercial;Jonathan Caputo;Dell;;;;Status : OK;I5;128 GB;4GB;Windows 10 Pro;OK;#REF!;2026-09-01 00:00:00;
Notebook;Latitude 3420;C5QD804;157;Depósito RH;T.I;Dell;;;;Sem bateria;I5;128 GB;4GB;Windows 10 Pro;OK;#REF!;2026-09-01 00:00:00;
Notebook;Vostro 3300;CY1N6Q1;;Depósito RH;T.I;Dell;;;;Status : OK;I5;128 GB;4GB;;OK;#REF!;2026-09-01 00:00:00;
Notebook;Latitude 3480;FSFTDN2;;Depósito RH;T.I;Dell;;;;Sem bateria;I5;128 GB;8GB;Windows 10 Pro;OK;#REF!;2026-09-01 00:00:00;
Notebook;Latitude 3480;FSGYDN2;;Depósito RH;T.I;Dell;;;;Status : OK;I5;128 GB;4GB;Windows 10 Pro;OK;#REF!;2026-09-01 00:00:00;
Notebook;Latitude 3480;FSH1FN2;;Depósito RH;T.I;Dell;;;;Sem bateria;I5;128 GB;4GB;Windows 10 Pro;OK;#REF!;2026-09-01 00:00:00;
Notebook;Latitude 3480;FSHYDN2;;Depósito RH;T.I;Dell;;;;Sem memória RAM;I5;128 GB;4GB;Windows 10 Pro;OK;#REF!;2026-09-01 00:00:00;
Notebook;Latitude 3480;FSJZDN2;;Depósito RH;T.I;Dell;;;;Sem bateria;I5;128 GB;4GB;Windows 10 Pro;OK;#REF!;2026-09-01 00:00:00;
Notebook;Latitude 3480;FSK2FN2;;Depósito RH;T.I;Dell;;;;Sem bateria;I5;128 GB;4GB;Windows 10 Pro;OK;#REF!;2026-09-01 00:00:00;
Notebook;MacBook 6,1;;;Depósito RH;T.I;Apple;;;;Status : OK;I5;128 GB;4GB;Windows 10 Pro;OK;#REF!;2026-09-01 00:00:00;
Notebook;MacBook 6,1;;;Depósito RH;T.I;Apple;;;;Status : OK;I5;128 GB;4GB;Windows 10 Pro;OK;#REF!;2026-09-01 00:00:00;
Notebook;MacBook 6,1;;;Depósito RH;T.I;Apple;;;;Status : OK;I5;128 GB;4GB;Windows 10 Pro;OK;#REF!;2026-09-01 00:00:00;
Notebook;Latitude 3480;FSK0FN2;;Jornalismo;GUILHERME KEPLER MACHADO;Dell;;;;Status: Bom;I5;128 GB;4GB;Windows 10 Pro;OK;#REF!;2026-09-01 00:00:00;
Notebook;Latitude 3420;84QD804;;Marketing;WELLINGTON ALMEIDA MACHADO;Dell;;;;Status: Bom;I5;128 GB;4GB;Windows 10 Pro;OK;#REF!;2026-09-01 00:00:00;
Notebook;Latitude 3480;FSD0FN2;;Técnica;LUIZ FERNANDO DA SILVA DE NASCIMENTO;Dell;;;;Status: Bom;I5;128 GB;4GB;Windows 10 Pro;OK;#REF!;2026-09-01 00:00:00;
Notebook;Latitude 3480;FSKYDN2;;;;Dell;;;;Não encontrado;I5;128 GB;4GB;Windows 10 Pro;OK;#REF!;2026-09-01 00:00:00;
Notebook;Dell Vostro 3300;RPOA_N004;3904;;;Dell;;;;Não encontrado;I5;297 GB;4GB;Windows 7;OK;#REF!;2026-09-01 00:00:00;
Notebook;Dell Vostro 3300;RPOA_N001;3882;;;Dell;;;;Não encontrado;I3;698 GB;4GB;Windows 8;OK;#REF!;2026-09-01 00:00:00;
Telefone Fixo;1630;;;Administrativo;AMANDA GOMES PACHECO SEVERO;Grandstream;;3058;;Status: Bom;;;;;OK;#REF!;2026-09-01 00:00:00;
Telefone Fixo;1625;;;Administrativo;DAISY DA SILVA RUSSO;Grandstream;;3053;;Status: Bom;;;;;OK;#REF!;2026-09-01 00:00:00;
Telefone Fixo;1630;;;Administrativo;SABRINA CARVALHO DA SILVA;Grandstream;;3080;;Status: Bom;;;;;OK;#REF!;2026-09-01 00:00:00;
Telefone Fixo;1610;;;Almoxarifado;ALMOXARIFADO;Grandstream;;3927;;Status: Bom;;;;;OK;#REF!;2026-09-01 00:00:00;
Telefone Fixo;///;;;AUDIO HIBRIDA;AUDIO HIBRIDA;Grandstream;;3112;;Status: Bom;;;;;OK;#REF!;2026-09-01 00:00:00;
Telefone Fixo;1625;;;Camarim;USUÁRIO CAMARIM;Grandstream;;3115;;Status: Bom;;;;;OK;#REF!;2026-09-01 00:00:00;
Telefone Fixo;1610;;;Comercial;FABIANA ALMINHANA;Grandstream;;3062;;Status: Bom;;;;;OK;#REF!;2026-09-01 00:00:00;
Telefone Fixo;1610;;;Comercial;ISABEL CRISTINA GIUSTI DA SILVA;Grandstream;;3064;;Status: Bom;;;;;OK;#REF!;2026-09-01 00:00:00;
Telefone Fixo;1625;;;Contabilidade;SUSI SILVETE DA SILVA;Grandstream;;3164;;Status: Bom;;;;;OK;#REF!;2026-09-01 00:00:00;
Telefone Fixo;1625;;;Contabilidade;VALDIR STANZIONE;Grandstream;;3180;;Status: Bom;;;;;OK;#REF!;2026-09-01 00:00:00;
Telefone Fixo;1625;;;Controladoria;LUIZA CLAUDIA GONCALVES;Grandstream;;3150;;Status: Bom;;;;;OK;#REF!;2026-09-01 00:00:00;
Telefone Fixo;1610;;;Copa;DIVA DOS SANTOS RODRIGUES;Grandstream;;3072;;Status: Bom;;;;;OK;#REF!;2026-09-01 00:00:00;
Telefone Fixo;1630;;;Dallet;THIAGO COSTA NARDON;Grandstream;;3066;;Status: Bom;;;;;OK;#REF!;2026-09-01 00:00:00;
Telefone Fixo;1430;;;Depósito RH;TI;Grandstream;;;;Status: Bom;;;;;OK;#REF!;2026-09-01 00:00:00;
Telefone Fixo;1430;;;Depósito RH;TI;Grandstream;;;;Status: Bom;;;;;OK;#REF!;2026-09-01 00:00:00;
Telefone Fixo;1450;;;Depósito RH;TI;Grandstream;;;;Status: Bom;;;;;OK;#REF!;2026-09-01 00:00:00;
Telefone Fixo;1625;;;Depósito RH;TI;Grandstream;;;;Status: Caixa;;;;;OK;#REF!;2026-09-01 00:00:00;
Telefone Fixo;1610;;;Depósito RH;TI;Grandstream;;;;Status: Caixa;;;;;OK;#REF!;2026-09-01 00:00:00;
Telefone Fixo;1625;;;Depósito RH;TI;Grandstream;;;;sem telefone;;;;;OK;#REF!;2026-09-01 00:00:00;
Telefone Fixo;2170;;;Diretoria Administrativa;MAURICIO GODINHO DOS SANTOS;Grandstream;;3222;;Status: Bom;;;;;OK;#REF!;2026-09-01 00:00:00;
Telefone Fixo;1450;;;Diretoria Comercial;WELLINGTON ALMEIDA MACHADO;Grandstream;;3195;;Status: Bom;;;;;OK;#REF!;2026-09-01 00:00:00;
Telefone Fixo;2170;;;Diretoria Executiva;GUSTAVO FRAGA BRANDAO PAULUS;Grandstream;;3082;;Status: Bom;;;;;OK;#REF!;2026-09-01 00:00:00;
Telefone Fixo;1625;;;Diretoria Institucional;FRANCIELLE MACHADO DA ROSA;Grandstream;;3211;;Status: Bom;;;;;OK;#REF!;2026-09-01 00:00:00;
Telefone Fixo;1630;;;Diretoria Institucional;JOAO SILVIO SILVA;Grandstream;;3060;;Status: Bom;;;;;OK;#REF!;2026-09-01 00:00:00;
Telefone Fixo;1625;;;Financeiro;DEBORA CRUZ DE ANHAIA;Grandstream;;3194;;Status: Bom;;;;;OK;#REF!;2026-09-01 00:00:00;
Telefone Fixo;1630;;;Financeiro;GUILHERME DE SOUZA TEIXEIRA;Grandstream;;3192;;Status: Bom;;;;;OK;#REF!;2026-09-01 00:00:00;
Telefone Fixo;1625;;;Geração;RODRIGO OLIVEIRA DA CRUZ;Grandstream;;3928;;Status: Bom;;;;;OK;#REF!;2026-09-01 00:00:00;
Telefone Fixo;1630;;;Gerencia Op/Eng;DIOGENES RODRIGUES;Grandstream;;3104;;Status: Bom;;;;;OK;#REF!;2026-09-01 00:00:00;
Telefone Fixo;1625;;;Jornalismo;ALANDER AGUIAR DIAZ;Grandstream;;3229;;Status: Bom;;;;;OK;#REF!;2026-09-01 00:00:00;
Telefone Fixo;1625;;;Jornalismo;ALEXSANDER PEIXOTO MACHADO;Grandstream;;3213;;Status: Bom;;;;;OK;#REF!;2026-09-01 00:00:00;
Telefone Fixo;1610;;;Jornalismo;BRUNA MARÇAL CABRERA;Grandstream;;3210;;Status: Bom;;;;;OK;#REF!;2026-09-01 00:00:00;
Telefone Fixo;1610;;;Jornalismo;CARMEL REIS MOSTARDEIRO;Grandstream;;3202;;Status: Bom;;;;;OK;#REF!;2026-09-01 00:00:00;
Telefone Fixo;1630;;;Jornalismo;GUILHERME KEPLER MACHADO;Grandstream;;3201;;Status: Bom;;;;;OK;#REF!;2026-09-01 00:00:00;
Telefone Fixo;1610;;;Jornalismo;JESSICA WEBER MEDEIROS;Grandstream;;3221;;Status: Bom;;;;;OK;#REF!;2026-09-01 00:00:00;
Telefone Fixo;1625;;;Jornalismo;MONIQUE MATIAS DORNELLES;Grandstream;;3223;;Status: Bom;;;;;OK;#REF!;2026-09-01 00:00:00;
Telefone Fixo;1610;;;Marketing;TIAGO PERONI;Grandstream;;3056;;Status: Bom;;;;;OK;#REF!;2026-09-01 00:00:00;
Telefone Fixo;1610;;;Master;REGINALDO NUNES DA SILVA;Grandstream;;3093;;Status: Bom;;;;;OK;#REF!;2026-09-01 00:00:00;
Telefone Fixo;1610;;;Jornalismo;RENATO GAVA RODRIGUES;Grandstream;;3226;;Status: Bom;;;;;OK;#REF!;2026-09-01 00:00:00;
Telefone Fixo;1610;;;NUCLEOS ESPECIAIS;RICARDO NASCIMENTO DE AZEREDO;Grandstream;;3204;;Status: Bom;;;;;OK;#REF!;2026-09-01 00:00:00;
Telefone Fixo;1610;;;Opec;MARIA EDUARDA SILVEIRA DORNELLES;Grandstream;;3051;;Status: Bom;;;;;OK;#REF!;2026-09-01 00:00:00;
Telefone Fixo;1628;;;Opec;VITOR HUGO SANTOS DA SILVA;Grandstream;;3090;;Status: Bom;;;;;OK;#REF!;2026-09-01 00:00:00;
Telefone Fixo;1625;;;Operações;DIOGENES FRITSCH DE MORAES;Grandstream;;3061;;Status: Bom;;;;;OK;#REF!;2026-09-01 00:00:00;
Telefone Fixo;1630;;;Programação;BERNARDO BRAGA BARREIRO;Grandstream;;3059;;Status: Bom;;;;;OK;#REF!;2026-09-01 00:00:00;
Telefone Fixo;1610;;;Programação;LUIS FABIANO DA SILVA;Grandstream;;3065;;Status: Bom;;;;;OK;#REF!;2026-09-01 00:00:00;
Telefone Fixo;1610;;;Recepção;JULIETE DA MAIA CAMILO;Grandstream;;3140;;Status: Bom;;;;;OK;#REF!;2026-09-01 00:00:00;
Telefone Fixo;;;;Sala de Áudio;USUÁRIO SALA DE AUDIO;Grandstream;;3113;;Status : OK;;;;;OK;#REF!;2026-09-01 00:00:00;
Telefone Fixo;2500;;;SALA DE REUNIÃO;USUÁRIO SALA DE REUNIÃO;Grandstream;;3085;;Status: Bom;;;;;OK;#REF!;2026-09-01 00:00:00;
Telefone Fixo;1610;;;Secretaria de Diretoria;MIRIAM SANTOS MARQUES;Grandstream;;3091;;Status: Bom;;;;;OK;#REF!;2026-09-01 00:00:00;
Telefone Fixo;CP20;;;Switcher;USUÁRIO SWITCHER;Grandstream;;3110;;Status : OK;;;;;OK;#REF!;2026-09-01 00:00:00;
Telefone Fixo;1625;;;Tecnica;FABIO ROSA DE OLIVEIRA;Grandstream;;3171;;Status: Bom;;;;;OK;#REF!;2026-09-01 00:00:00;
Telefone Fixo;1625;;;Tecnica;SAMIR BREUNIG FONSECA;Grandstream;;3145;;Status: Bom;;;;;OK;#REF!;2026-09-01 00:00:00;
Telefone Fixo;1610;;;TI;AMAILSON DA ROSA GAWLINSKI;Grandstream;;3161;;Status: Bom;;;;;OK;#REF!;2026-09-01 00:00:00;
Telefone Fixo;1630;;;TI;BRUNO SELAU DOS SANTOS;Grandstream;;3160;;Status: Bom;;;;;OK;#REF!;2026-09-01 00:00:00;
