data,destinatarios,assunto,status
2026-09-18 08:30,joaootaviolobo18@gmail.com,[Inventário T.I.] Resumo de Movimentações,ERRO: STARTTLS extension not supported by server.
2026-09-18 08:36,joaootaviolobo18@gmail.com,[Inventário T.I.] Resumo de Movimentações,ERRO: STARTTLS extension not supported by server.
2026-09-18 08:41,joaootaviolobo18@gmail.com,[Inventário T.I.] Resumo de Movimentações,ERRO: STARTTLS extension not supported by server.
2026-09-18 08:51,joaootaviolobo18@gmail.com,[Inventário T.I.] Resumo de Movimentações,ERRO: STARTTLS extension not supported by server.
2026-09-18 08:52,joaootaviolobo18@gmail.com,[Inventário T.I.] Resumo de Movimentações,ERRO: STARTTLS extension not supported by server.
2026-09-18 09:21,joaootaviolobo18@gmail.com,[Inventário T.I.] Resumo de Movimentações,ERRO: STARTTLS extension not supported by server.
2026-09-18 09:22,joaootaviolobo18@gmail.com,[Inventário T.I.] Resumo de Movimentações,ERRO: Connection unexpectedly closed
2026-09-18 09:27,joaootaviolobo18@gmail.com,[Inventário T.I.] Resumo de Movimentações,ERRO: Connection unexpectedly closed
2026-09-18 09:35,joaootaviolobo18@gmail.com,[Inventário T.I.] Resumo de Movimentações,ERRO: Connection unexpectedly closed
2026-09-18 09:39,joaootaviolobo18@gmail.com,[Inventário T.I.] Resumo de Movimentações,ERRO: Connection unexpectedly closed
2026-09-18 09:41,joaootaviolobo18@gmail.com,[Inventário T.I.] Resumo de Movimentações,ERRO: Connection unexpectedly closed
2026-09-18 09:43,joaootaviolobo18@gmail.com,[Inventário T.I.] Resumo de Movimentações,ERRO: Connection unexpectedly closed
2026-09-18 09:50,joaootaviolobo18@gmail.com,[Inventário T.I.] Resumo de Movimentações,ERRO: Connection unexpectedly closed
2026-09-18 09:57,joaootaviolobo18@gmail.com,[Inventário T.I.] Resumo de Movimentações,OK
2026-09-18 10:00,ti@recordguaiba.tv.br,[Inventário T.I.] Resumo de Movimentações,OK
